abnormal,[Ab5nC:mEl],"adj.反常的, 变态的"
abolish,[E5bCliF],"vt.废止, 废除(法律、制度、习俗等)"
abrupt,[E5brQpt],"adj.突然的, 陡峭的, 生硬的"
absurd,[Eb5sE:d],"adj.荒谬的, 可笑的"
abundance,[E5bQndEns],"n.丰富, 充裕, 丰富充裕"
academy,[E5kAdEmi],"n.(高等)专科院校, 研究院, 学会, 学术团体, 学院"
accessory,[Ak5sesEri],"n.附件, 零件, 附加物, 从犯, 同谋者//adj.附属的, 补充的, 同谋的, 副的"
accommodate,[E5kCmEdeit],"vt.供应, 供给, 使适应, 调节, 和解, 向...提供, 容纳, 调和//vi.适应"
accord,[E5kC:d],"n.一致, 符合, 调和, 协定//vt.一致, 给与//vi.符合"
acknowledge,[Ek5nClidV],"vt.承认, 答谢, 报偿"
acquaint,[E5kweint],"vt.使熟知, 通知"
acquisition,[7Akwi5ziFEn],"n.获得, 获得物"
activate,[5Aktiveit],"vt.刺激, 使活动//vi.有活力"
acute,[E5kju:t],"adj.敏锐的, [医]急性的, 剧烈"
adhere,[Ed5hiE],"vi.粘附, 胶着, 坚持//v.坚持"
adjacent,[E5dVeisEnt],"adj.邻近的, 接近的"
adjoin,[E5dVCin],"v.邻接, 毗连"
administer,[Ed5ministE],"v.管理, 给予, 执行"
adolescent,[7AdEu5lesnt],"adj.青春期的, 青春的//n.青少年"
advent,[5AdvEnt],"n.(尤指不寻常的人或事)出现, 到来"
adverse,[5AdvE:s],"adj.不利的, 敌对的, 相反的"
advertise,[5AdvEtaiz],"v.做广告, 登广告"
advocate,[5AdvEkit],"n.提倡者, 鼓吹者//vt.提倡, 鼓吹"
aerial,[5ZEriEl],"adj.航空的, 生活在空气中的, 空气的, 高耸的//n.天线"
aesthetic,[i:s5Wetik],"adj.美学的, 审美的, 有审美感的"
affiliate,[E5filieit],"v.(使...)加入, 接受为会员"
affirm,[E5fE:m],"v.断言, 确认, 肯定"
afflict,[E5flikt],"vt.使痛苦, 折磨"
agenda,[E5dVendE],n.议程
aggravate,[5AgrEveit],"vt.使恶化, 加重"
agitation,[AdVi5teiFEn],"n.激动, 兴奋, 煽动, 搅动"
agony,[5AgEni],"n.苦恼, 极大的痛苦"
agreeable,[E5griEbl],"adj.使人愉快的, 惬意的, 适合的"
alert,[E5lE:t],"adj.提防的, 警惕的//n.警惕, 警报"
alien,[5eiljEn],"n.外侨//adj.外国的, 相异的, 不同, 背道而驰"
allege,[E5ledV],"vt.宣称, 断言"
alleviate,[E5li:vieit],"vt.使(痛苦等)易于忍受, 减轻"
alliance,[E5laiEns],"n.联盟, 联合"
allocate,[5AlEukeit],"vt.分派, 分配"
allowance,[E5lauEns],"n.津贴, 补助, 宽容, 允许//vt.定量供应"
ally,[E5lai; A5lai],"v.结盟, 与...(在血统, 性质等上)有关联, 同盟//n.同盟国, 支持者"
alongside,[E5lCN5said],adv.在旁//prep.横靠
alternate,[C:l5tE:nit],"adj.交替的, 轮流的, 预备的//v.交替, 轮流, 改变"
amateur,[5AmEtE(:); 5AmEtjuE],"n.业余爱好者, 业余艺术家"
ambassador,[Am5bAsEdE],n.大使
ambiguous,[7Am5bigjuEs],"adj.暧昧的, 不明确的"
ambitious,[Am5biFEs],"adj.有雄心的, 野心勃勃的"
amend,[E5mend],"v.修正, 改进, 改正"
amends,[E5mendz],"n.(对毁坏, 损坏的)赔偿, 赔礼"
ample,[5Ampl],"adj.充足的, 丰富的"
amplify,[5Amplifai],"vt.放大, 增强//v.扩大"
analogy,[E5nAlEdVi],"n.类似, 类推"
analytic,[7AnE5litik],"adj.分析的, 解析的"
analytical,[7AnE5litikEl],"adj.分析的, 解析的"
angel,[5eindVEl],"n.天使, 完善可爱的人"
anniversary,[7Ani5vE:sEri],n.周年纪念
anonymous,[E5nCnimEs],adj.匿名的
Antarctic,[],adj.南极的
antique,[An5ti:k],"n.古物, 古董//adj.古时的, 过时的"
appendix,[E5pendiks],"n.附录, 附属品, [解]阑尾"
applaud,[E5plC:d],"v.拍手喝彩, 称赞, 赞同"
appraisal,[E5preizEl],"n.评价, 估价(尤指估价财产,以便征税), 鉴定"
appreciable,[E5pri:FiEbl],"adj.可感知的, 可评估的"
apprehension,[7Apri5henFEn],"n.理解, 忧惧, 拘捕"
apt,[Apt],"adj.易于...的, 有...倾向的, 灵敏的, 灵巧的, 适当的, 切题的, 敏捷, 倾向是"
arc,[B:k],"n.弧, 弓形, 拱"
arch,[B:tF],"n.拱门, 弓形结构, 拱形//v.(使)弯成弓形//adj.主要"
architect,[5B:kitekt],n.建筑师
arctic,[5B:ktik],"adj.北极的, 北极区的//n.北极, 北极圈"
array,[E5rei],"n.排列, 编队, 军队, 衣服, 大批//vt.部署, 穿着, 排列"
articulate,[B:5tikjulit],"adj.有关节的, 发音清晰的//vt.用关节连接, 接合, 清晰明白地说"
ascend,[E5send],"v.攀登, 上升"
ascertain,[7AsE5tein],"vt.确定, 探知"
ascribe,[Es5kraib],"vt.归因于, 归咎于"
assault,[E5sC:lt],"n.攻击, 袭击//v.袭击"
assert,[E5sE:t],"v.断言, 声称"
asset,[5Aset],"n.资产, 有用的东西"
assimilate,[E5simileit],v.吸收
assumption,[E5sQmpFEn],"n.假定, 设想, 担任, 承当, 假装, 作态"
assurance,[E5FuErEns],"n.确信, 断言, 保证, 担保"
astronomy,[E5strCnEmi],n.天文学
athlete,[5AWli:t],"n.运动员, 运动选手"
attendance,[E5tendEns],"n.出席, 出席的人数, 伺候, 照料"
attendant,[E5tendEnt],n.服务员
attorney,[E5tE:ni],"n.<美>律师, (业务或法律事务上的)代理人"
augment,[C: g5ment],"v.增加, 增大//n.增加"
authentic,[C:5Wentik],adj.可信的
authoritative,[C:5WCritEtiv],"adj.权威的, 有权威的, 命令的"
authorize,[5C:WEraiz],v.批准
automation,[C:tE5meiFEn],"n.自动控制, 自动操作"
autonomy,[C:5tCnEmi],n.自治
avail,[E5veil],"vi.有益于, 有帮助, 有用, 有利//vt.有利于//n.效用, 利益"
avert,[E5vE:t],v.转移
aviation,[7eivi5eiFEn],"n.飞行, 航空, 航空学, 航空术"
axis,[5Aksis],n.轴
bachelor,[5bAtFElE],"n.单身汉, 文理学士, 幼雄兽"
badge,[bAdV],"n.徽章, 证章"
baffle,[5bAfl],"vt.困惑, 阻碍, 为难"
bald,[bC:ld],"adj.光秃的, 单调的, 枯燥的"
ballet,[5bAlei; bA5lei],"n.芭蕾舞, 芭蕾舞剧, 芭蕾舞乐曲"
ban,[bB:n],"n.禁令//vt.禁止, 取缔(书刊等)弯"
bandage,[5bAndidV],n.绷带
bankrupt,[5bANkrQpt],"n.破产者//adj.破产了的, 完全丧失//vt.使破产"
barely,[5bZEli],"adv.仅仅, 刚刚, 几乎不能"
barren,[5bArEn],"adj.不生育的, 不孕的, 贫瘠的, 没有结果的, 无益的, 单调的, 无聊的, 空洞的//n.荒地"
basement,[5beismEnt],"n.地下室, 墙脚"
batch,[bAtF],"n.(面包等)一炉, 一批"
bearing,[5bZEriN],"n.轴承, 关系, 方面, 意义, 方向, 方位"
beforehand,[bi5fC:hAnd],adv.预先
betray,[bi5trei],"vt.出卖, 背叛, 泄露(秘密), 露出...迹象"
bewilder,[bi5wildE],"vt.使迷惑, 使不知所措, 使昏乱"
bias,[5baiEs],"n.偏见, 偏爱, 斜线//vt.使存偏见"
bibliography,[7bibli5CgrEfi],"n.(有关一个题目或一个人的)书目, 参考书目"
bid,[bid],"vt.出价, 投标, 祝愿, 命令, 吩咐//n.出价, 投标//v.支付"
biography,[bai5CgrEfi],n.传记
bizarre,[bi5zB:],"adj.奇异的(指态度,容貌,款式等) 参考"
blaze,[bleiz],"n.火焰, 光辉, 情感爆发//vi.燃烧, 照耀, 激发//vt.在树皮上刻路标, 公开宣布"
bleak,[bli:k],"adj.寒冷的, 阴冷的, 荒凉的, 凄凉的, 黯淡的"
bless,[bles],"vt.祝福, 保佑, <口>哎呀!我的天哪!"
blossom,[5blCsCm],"n.花(尤指结果实者), 花开的状态, 兴旺期//vi.开花, 兴旺, 发展"
blunder,[5blQndE],"v.跌跌撞撞地走, 犯大错, 做错//n.大错, 失误"
blunt,[blQnt],"adj.钝的, 生硬的"
blush,[blQF],"v.脸红, 羞愧, 呈现红色, 使成红色//n.脸红, 红色, 红光"
bonus,[5bEunEs],"n.奖金, 红利"
boom,[bu:m],"n.繁荣, 隆隆声//v.发隆隆声, 兴隆, 大事宣传"
boost,[bu:st],v.推进
boycott,[5bCikEt],"n.vt.联合抵制, 联合排斥某国货物或与某国绝交"
brace,[breis],"n.支柱, 带子, 振作精神//vt.支住, 撑牢, 振作起来, 奋起//adj.曲柄的//v.支持"
bracket,[5brAkit],"n.墙上凸出的托架, 括弧, 支架//v.括在一起"
breakdown,[5breikdaun],"n.崩溃, 衰弱, 细目分类"
bribe,[braib],"n.贿赂//vt.贿赂, 向...行贿"
brisk,[brisk],"adj.敏锐的, 凛冽的, 轻快的, 活泼的//vt.使活泼//vi.活跃起来"
brittle,[5britl],"adj.易碎的, 脆弱的"
bronze,[brCnz],"n.青铜(铜与锡合金), 铜像//adj.青铜色的"
brood,[bru:d],"n.(动物中鸟或家禽的)一窝, (同种或同类的)一伙//vt.孵, 沉思"
bruise,[bru:z],"n.瘀伤, 擦伤//v.打伤, 撞伤"
brutal,[5bru:tl],"adj.残忍的, 兽性的"
bud,[bQd],"n.芽, 蓓蕾//vi.发芽, 萌芽"
budget,[5bQdVit],"n.预算//vi.做预算, 编入预算"
buffer,[5bQfE],n.缓冲器
bug,[bQg],"n.小虫, 臭虫//v.装置窃听器, 打扰"
bull,[bul],"n.[动]公牛, 粗壮如牛的人"
bulletin,[5bulitin],"n.公告, 报告"
bump,[bQmp],"n.撞击, 肿块//v.碰(伤), 撞(破), 颠簸"
bunch,[bQntF],"n.串, 束v.捆成一束"
bureaucracy,[bjuE5rCkrEsi],"n.官僚, 官僚作风, 官僚机构"
burial,[5beriEl],n.埋葬
buzz,[bQz],"n.嗡嗡声//v.作嗡嗡声, 嗡嗡作响, 逼近"
bypass,[5baipB:s; (?@) 5baipAs],"n.旁路//vt.设旁路, 迂回"
cafeteria,[5kAfi5tiEriE],n.自助餐厅
canvas,[5kAnvEs],v.彻底讨论探究//n.帆布
capsule,[5kApsju:l],"n.(植物)蒴果, 胶囊, 瓶帽, 太空舱"
captive,[5kAptiv],"n.俘虏, 被美色或爱情迷住的人//adj.被俘的, 被迷住的"
cartoon,[kB:5tu:n],"n.(报刊上的)政治性漫画, 讽刺画, 卡通画, 漫画(常有解说词)//v.画漫画//n.卡通片,动画片"
carve,[kB:v],"v.雕刻, 切开"
casualty,[5kAVjuElti],n.伤亡
category,[5kAtigEri],"n.种类, 别, [逻]范畴"
cater,[5keitE],"vi.备办食物, 满足(需要), 投合"
cathedral,[kE5Wi:drEl],n.大教堂
catholic,[5kAWElik],n.天主教徒//adj.天主教的
caution,[5kC:FEn],"n.小心, 谨慎, 警告//vt.警告"
cautious,[5kC:FEs],"adj.谨慎的, 小心的"
cavity,[5kAviti],"n.洞, 空穴, [解剖]腔"
cellar,[5selE],"n.地窖, 地下室, 酒窖, 藏酒量"
census,[5sensEs],n.人口普查
ceramic,[si5rAmik],adj.陶器的//n.陶瓷制品
cereal,[5siEriEl],"n.谷类食品, 谷类"
certainty,[5sE:tEnti],"n.确定, 确实的事情"
certify,[5sE:tifai],"v.证明, 保证"
chaos,[5 keiCs],"n.混乱, 混沌(宇宙未形成前的情形)ㄍɑ? 漫画(常有解说词)v.画漫"
characterize,[5kAriktEraiz],"vt.表现...的特色, 刻画的...性格"
charity,[5tFAriti],"n.慈善, 施舍, 慈善团体"
charm,[tFB:m],"n.吸引力, (女人的)魔力, 魅力, 符咒//vt.迷人, 使陶醉, 行魔法//vi.用符咒, 有魔力"
charter,[5tFB:tE],"vt.租, 包(船、车等)//n.宪章"
chat,[tFAt],v.聊天//n.聊天
cherish,[5tFeriF],"vt.珍爱, 怀抱(希望等)"
chip,[tFip],"n.碎片, 筹码//v.削成碎片, 碎裂//芯片"
chord,[kC:d],"n.弦, 和音, 情绪//n.[解]腱"
chorus,[5kC:rEs],"n.合唱, 合唱队, 齐声"
chronic,[5krCnik],"adj.慢性的, 延续很长的"
circulation,[7sE:kju5leiFEn],"n.循环, 流通, 发行额"
circus,[5sE:kEs],"n.马戏团, 杂技团, 马戏场, 杂技场"
cite,[sait],"vt.引用, 引证, 提名表扬"
civilian,[si5viljEn],"n.平民, 公务员, 文官//adj.民间的, 民用的"
clamp,[klAmp],"n.夹子, 夹具, 夹钳//vt.夹住, 夹紧"
clarity,[5klAriti],"n.清楚, 透明"
clash,[klAF],"n.冲突, 撞击声, 抵触//v.(使)发出撞击声, 猛撞, 冲突"
clasp,[klB:sp],"n.扣子, 钩, 紧握, 抱住//v.扣紧, 紧握, 搂抱, 密切合作"
classic,[5klAsik],"n.杰作, 名著//adj.第一流的"
clause,[klC:z],"n.子句, 条款"
clearance,[5kliErEns],n.清除
client,[5klaiEnt],"n.[计]顾客, 客户, 委托人"
climax,[5klaimAks],"n.高潮, 顶点"
cling,[kliN],"vi.粘紧, 附着, 紧贴, 坚持(意见), 墨守(习惯)使陶醉, 行魔法//vi.用"
clinic,[5klinik],"n.门诊部, 临床"
clip,[klip],"n.夹子, 回形针, 子弹夹//vt.夹住, 剪短, 修剪"
clockwise,[5klCkwaiz],adj.顺时针方向的//adv.顺时针方向地
closet,[5klCzit],"n.壁橱, 储藏室, 厕所//adj.关起门来的//vt.关入私室密谈"
cluster,[5klQstE],"n.串, 丛//vi.丛生, 成群"
clutch,[klQtF],"v.抓住, 攫住//n.离合器"
coherent,[kEu5hiErEnt],"adj.粘在一起的, 一致的, 连贯的"
coincide,[7kEuin5said],"vi.一致, 符合"
coincidence,[kEu5insidEns],"n.一致, 相合, 同时发生或同时存在(尤指偶然)的事"
collaboration,[kE7lAbE5reiFEn],"n.协作, 通敌"
collide,[kE5laid],"vi.碰撞, 抵触"
colonial,[kE5lEunjEl],"adj.殖民的, 殖民地的 n.殖民地居民"
combat,[5kCmbEt],"n.战斗, 格斗//v.战斗, 搏斗, 抗击"
comedy,[5kCmidi],"n.喜剧, 喜剧性的事情"
comet,[5kCmit],n.彗星
commemorate,[kE5memEreit],vt.纪念
commence,[kE5mens],"v.开始, 着手"
commend,[kE5mend],"vt.称赞, 表扬, 推荐, 委托, 吸引"
commentary,[5kCmEntEri],"n.注释, 解说词"
commitment,[kE5mitmEnt],"n.委托事项, 许诺, 承担义务"
commodity,[kE5mCditi],n.日用品
commonplace,[5kCmEnpleis],"n.平凡的事, 平常话//adj.平凡的"
commonwealth,[5kCmEnwelW],"n.国民整体, 共和国, 联邦"
commute,[kE5mju:t],"v.交换, 抵偿, 减刑, <电工>整流"
compact,[5kCmpAkt],"adj.紧凑的, 紧密的, 简洁的//n.契约, 合同, 小粉盒"
comparable,[5kCmpErEbl],"adj.可比较的, 比得上的"
compartment,[kEm5pB:tmEnt],"n.间隔间, 车厢"
compatible,[kEm5pAtEbl],"adj.谐调的, 一致的, 兼容的"
compensate,[5kCmpEnseit],"v.偿还, 补偿, 付报酬"
competence,[5kCmpEtEns],n.能力
competitive,[kEm5petitiv],adj.竞争的
compile,[kEm5pail],"vt.编译, 编辑, 汇编"
complement,[5kCmplimEnt],"n.补足物, [文法]补语, [数]余角//vt.补助, 补足"
complication,[7kCmpli5keiF(E)n],"n.复杂化, (使复杂的)因素//n.[医]并发症"
compliment,[5kCmplimEnt],"n.称赞, 恭维, 致意, 问候, 道贺//vt.称赞, 褒扬, 恭维"
comply,[kEm5plai],"vi.顺从, 答应, 遵守"
composite,[5kCmpEzit; -zait],"adj.合成的, 复合的//n.合成物"
compulsory,[kEm5pQlsEri],"adj.必需做的, 必修的, 被强迫的, 被强制的, 义务的"
concede,[kEn5si:d],"vt.勉强, 承认, 退让//vi.让步"
conceive,[kEn5si:v],"vt.构思, 以为, 持有//vi.怀孕, 考虑, 设想"
conception,[kEn5sepFEn],"n.观念, 概念"
concession,[kEn5seFEn],n.让步
concise,[kEn5sais],"adj.简明的, 简练的"
confer,[kEn5fE:],"vt.授予(称号、学位等), 赠与, 把...赠与, 协议//v.协商, 交换意见"
confidential,[kCnfi5denFEl],"adj.秘密的, 机密的"
configuration,[kEn7figju5reiFEn],"n.构造, 结构, 配置, 外形"
conform,[kEn5fC:m],"vt.使一致, 使遵守, 使顺从//vi.符合, 相似, 适应环境//adj.一致的, 顺从的"
confront,[kEn5frQnt],"vt.使面临, 对抗"
confusion,[kEn5fju:VEn],"n.混乱, 混淆"
conscientious,[7kCnFi5enFEs],adj.尽责的
consecutive,[kEn5sekjutiv],"adj.连续的, 联贯的"
consensus,[kEn5sensEs],"n.一致同意, 多数人的意见, 舆论"
consequent,[5kCnsikwEnt],"adj.作为结果的, 随之发生的"
conserve,[kEn5sE:v],"vt.保存, 保藏"
consolidate,[kEn5sClideit],v.巩固
conspicuous,[kEn5spikjuEs],adj.显著的
constituent,[kEn5stitjuEnt],"n.委托人, 要素//adj.有选 举权的； 有宪法制定［修改］权的"
constrain,[kEn5strein],"vt.强迫, 抑制, 拘束"
consultant,[kEn5sQltEnt],"n.顾问, 商议者, 咨询者"
consumer,[kEn5sju:mE],n.消费者
contaminate,[kEn5tAmineit],v.污染
contemplate,[5kCntempleit],"v.凝视, 沉思, 预期, 企图"
contempt,[kEn5tempt],"n.轻视, 轻蔑, 耻辱, 不尊敬, [律]藐视法庭(或国会)?"
contend,[kEn5tend],"v.斗争, 竞争, 主张"
context,[5kCntekst],"n.上下文, 文章的前后关系"
continuity,[7kCnti5nju(:)iti],"n.连续性, 连贯性"
contradict,[kCntrE5dikt],"vt.同...矛盾, 同...抵触"
contribution,[7kCntri5bju:FEn],"n.捐献, 贡献, 投稿"
contrive,[kEn5traiv],"v.发明, 设计, 图谋"
controversial,[7kCntrE5vE:FEl],"adj.争论的, 争议的"
controversy,[5kCntrEvE:si],"n.论争, 辩论, 论战"
converge,[kEn5vE:dV],"v.聚合, 集中于一点//vt.会聚"
convict,[5kCnvikt],"vt.证明...有罪, 宣告...有罪//n.罪犯"
conviction,[kEn5vikFEn],"n.深信, 确信, 定罪, 宣告有罪"
cooperative,[kEu5CpErEtiv],"adj.合作的, 协力的"
cordial,[5kC:diEl; 5kC:dVEl],"n.兴奋剂, 兴奋性饮料//adj.热忱的, 诚恳的, 兴奋的"
corporate,[5kC:pErit],"adj.社团的, 法人的, 共同的, 全体的"
corps,[kC:],"n.军团, 兵队, 团, 兵种, 技术兵种, 特殊兵种, (德国大学的)学生联合会"
correlate,[5kCrileit],vt.使相互关联//vi.和...相关
correspondence,[7kCris5pCndEns],"n.相应, 通信, 信件"
correspondent,[7kCris5pCndEnt],"n.通讯记者, 通信者"
corrode,[kE5rEud],"v.使腐蚀, 侵蚀"
corrupt,[kE5rQpt],"adj.腐败的, 贪污的, 被破坏的, 混浊的, (语法)误用的//vt.使腐烂, 腐蚀, 使恶化//vi.腐烂, 堕落"
cosmic,[5kCzmik],adj.宇宙的
costume,[5kCstju:m; -5tju:m],"n.装束, 服装"
couch,[kautF],"n.(文学)床, 睡椅//v.(用语言)表达"
counsel,[5kaunsEl],"n.讨论, 商议, 辩护律师//vt.劝告, 忠告"
counterpart,[5kauntEpB:t],"n.副本, 极相似的人或物, 配对物"
courtesy,[5kE:tisi; 5kC:-],"n.谦恭, 允许, 礼貌"
coward,[5kauEd],"n.懦弱的人, 胆小的人"
cradle,[5kreidl],"n.摇篮, 发源地, 支船架//vt.将...放在摇篮内"
creation,[kri5eiFEn],"n.创造, 创作物"
cripple,[5kripl],n.跛子//v.削弱
crisp,[krisp],"adj.脆的, 易碎的"
criterion,[krai5tiEriEn],"n.(批评判断的)标准, 准据, 规范"
crucial,[5kru:FiEl; 5kru:FEl],adj.至关紧要的
cruise,[kru:z],"vi.巡游, 巡航//n.巡游, 巡航"
cue,[kju:],"n.暗示, 提示, 球杆"
culminate,[5kQlmineit],v.达到顶点
cumulative,[5kju:mjulEtiv],adj.累积的
curb,[kE:b],n.路边
currency,[5kQrEnsi],n.流通
curriculum,[kE5rikjulEm],n.课程
curt,[kE:t],adj.简略的
customary,[5kQstEmEri],"adj.习惯的, 惯例的"
cylinder,[5silindE],"n.圆筒, 圆柱体, 汽缸, 柱面"
cynical,[5sinikEl],adj.愤世嫉俗的
damn,[dAm],v.谴责
dazzle,[5dAzl],"v.(使)眼花, 眩耀//n.耀眼"
deadly,[5dedli],"adj.致命的, 势不两立的, 死一般的, 极度的, 必定的"
decent,[5di:snt],"adj.正派的, 端庄的, 有分寸的, (服装)得体的, 大方的//adj.<口>相当好的、象样的"
decimal,[5desimEl],"adj.十进的, 小数的, 以十为基础的, 十进制//n.小数"
decisive,[di5saisiv],adj.决定性的
declaration,[7deklE5reiFEn],"n.宣布, 宣言, 声明"
decline,[di5klain],"vi.下倾, 下降, 下垂//v.拒绝, 衰落//n.下倾, 下降, 下垂, 斜面, 斜坡, 衰败, 衰落"
dedicate,[5dedikeit],"vt.献(身), 致力, 题献(一部著作给某人)落"
deem,[di:m],"v.认为, 相信"
deficiency,[di5fiFEnsi],"n.缺乏, 不足"
deficit,[5defisit],"n.赤字, 不足额"
defy,[di5fai],"vt.不服从, 公然反抗, 藐视, 挑衅, 违抗, 使...难于//n.挑战"
degenerate,[di5dVenEreit],adj.退化的//v.退化
degrade,[di5greid],"v.(使)降级, (使)堕落, (使)退化"
delegate,[5deligit],n.代表//vt.委派...为代表
deliberate,[di5libEreit],"adj.深思熟虑的, 故意的, 预有准备的//v.商讨"
denial,[di5naiEl],"n.否认, 否定, 谢绝, 拒绝"
denote,[di5nEut],"vt.指示, 表示"
denounce,[di5nauns],"vt.公开指责, 公然抨击, 谴责"
dentist,[5dentist],n.牙科医生
depict,[di5pikt],"vt.描述, 描写"
depression,[di5preFEn],"n.沮丧, 消沉, 低气压, 低压"
deprive,[di5praiv],"vt.剥夺, 使丧失"
depute,[di5pju:t],v.委托
descendant,[di5send(E)nt],"n.子孙, 后裔, 后代"
descent,[di5sent],"n.降下, 降落, 世系, 血统, 侵袭"
designate,[5dezigneit],"vt.指明, 指出, 任命, 指派//v.指定, 指派"
despatch,[dis5pAtF],v.n.派遣
despise,[dis5paiz],vt.轻视
destined,[],adj.去往…的
destiny,[5destini],"n.命运, 定数"
destructive,[dis5trQktiv],adj.破坏(性)的
detach,[di5tAtF],"vt.分开, 分离, 分遣, 派遣(军队)的"
detective,[di5tektiv],n.侦探//adj.侦探的
deteriorate,[di5tiEriEreit],v.(使)恶化
deviate,[5di:vieit],"vi.背离, 偏离//v.偏离"
diagnose,[5daiEgnEuz],v.诊断
diet,[5daiEt],"n.通常所吃的食物, 会议"
differentiate,[7difE5renFieit],"v.区别, 区分"
diffuse,[di5fju:z],"v.散播, 传播, 漫射, 扩散, (使)慢慢混合//adj.散开的, 弥漫的"
dignity,[5digniti],"n.尊严, 高贵"
dilemma,[di5lemE7 dai-],"n.进退两难的局面, 困难的选择"
dilute,[dai5lju:t7 di5l-],"v.冲淡, 变淡, 变弱, 稀释//adj.淡的, 弱的, 稀释的"
diminish,[di5miniF],"v.(使)减少, (使)变小"
dine,[dain],"vi.吃饭, 进餐"
diploma,[di5plEumE],"n.文凭, 毕业证书, 证明权力、特权、荣誉等的证书, 奖状"
diplomatic,[7diplE5mAtik],"adj.外交的, 老练的"
directory,[di5rektEri],"n.姓名地址录, 目录"
disable,[dis5eibl],"v.使残废, 使失去能力, 丧失能力"
disastrous,[di5zB:strEs],"adj.损失惨重的, 悲伤的"
discern,[di5sE:n],"v.目睹, 认识, 洞悉, 辨别, 看清楚"
disclose,[dis5klEuz],"vt.揭露, 透露"
discount,[5diskaunt],n.折扣
discrepancy,[dis5krepEnsi],"n.相差, 差异, 矛盾"
discrete,[dis5kri:t],"adj.不连续的, 离散的"
discriminate,[dis5krimineit],"v.歧视, 区别, 区别待遇"
disguise,[dis5gaiz],"v.假装, 伪装, 掩饰//n.伪装"
dismay,[dis5mei],"n.沮丧, 惊慌//v.使沮丧, 使惊慌"
dispatch,[dis5pAtF],"vt.分派, 派遣//n.派遣, 急件"
disperse,[dis5pE:s],"v.(使)分散, (使)散开, 疏散"
displace,[dis5pleis],"vt.移置, 转移, 取代, 置换//v.转移"
disposition,[dispE5ziFEn],n.部署
disregard,[7disri5gB:d],"v.不理漠视//n.漠视, 忽视"
disrupt,[dis5rQpt],"v.使中断, 使分裂, 使瓦解, 使陷于混乱, 破坏"
dissipate,[5disipeit],"v.驱散, (使)(云、雾、疑虑等)消散, 浪费(金钱或时间)"
distil,[],"v.蒸馏, 提取....的精华"
distort,[dis5tC:t],"vt.弄歪(嘴脸等), 扭曲, 歪曲(真理、事实等), 误报"
distract,[dis5trAkt],v.转移
disturbance,[dis5tE:bEns],"n.骚动, 动乱, 打扰, 干扰, 骚乱, 搅动"
diversion,[dai5vE:FEn],"n.转移, 转换, 牵制, 解闷, 娱乐"
divert,[di5vE:t],"v.转移, 转向, 使高兴"
divine,[di5vain],"adj.神的, 神圣的, 非凡的, 超人的, 非常可爱的//n.牧师"
dizzy,[5dizi],"adj.(指人)晕眩的, 昏乱的, (指地点, 情况)使人晕眩的"
dock,[dCk],"n.<美> 码头, 船坞, 被告席, 尾巴的骨肉部分//vt.靠码头, 引入坞, 剪短//vi.入船坞"
doctrine,[5dCktrin],"n.教条, 学说"
domain,[dEu5mein],"n.领土, 领地, (活动、学问等的)范围, 领域"
dome,[dEum],n.圆屋顶
dominant,[5dCminEnt],"adj.有统治权的, 占优势的, 支配的//adj.[生物] 显性的"
dominate,[5dCmineit],"v.支配, 占优势"
donate,[dEu5neit],"v.捐赠, 赠予"
doom,[du:m],"n.厄运, 毁灭, 死亡, 世末日//v.注定, 判决//著名的3D动作游戏"
doubtless,[5dautlis],"adj.无疑的, 确定的//adv.无疑地, 确定地, <口>大概、多半"
drainage,[5dreinidV],"n.排水, 排泄, 排水装置, 排水区域, 排出物, 消耗"
drastic,[5drAstik],"adj.激烈的, (药性等)猛烈的"
drawback,[5drC:7bAk],"n.缺点, 障碍, 退还的关税, 退税(指进口货物再出口时退还其进口时的关税)入船"
dreadful,[5dredful],"adj.可怕的, <口>讨厌的"
drought,[draut],"n.干旱, 缺乏"
dual,[5dju(:)El],"adj.双的, 二重的, 双重"
dubious,[5dju:bjEs],"adj.可疑的, 不确定的"
duplicate,[5dju:plikeit],"adj.复制的, 副的, 两重的, 两倍的, 完全相同//n.复制品, 副本//vt.复写, 复制, 使加倍, 使成双"
dwell,[dwel],"vi.居住, 踌躇"
earnings,[5E:niNz],"n.所得,收入"
Easter,[5i:stE],n.[宗](耶稣)复活节
eccentric,[ik5sentrik],adj.古怪//n.行为古怪的人
eclipse,[i5klips],"n.食, 日蚀, 月蚀, 蒙蔽, 衰落//vt.引起日蚀, 引起月蚀, 超越, 使黯然失色"
ecology,[i(:)5kClEdVi],"n.生态学, [社会]环境适应学, 均衡系统"
economics,[7i:kE5nCmiks; 7ekE-],n.经济学
edible,[5edibl],adj.可食用的
edit,[5edit],"vt.编辑, 校订, 剪辑//n.编辑工作"
editorial,[edi5tC:riEl],"n.社论//adj.编辑上的, 主笔的, 社论的"
ego,[5i:gEu],"n.自我, 利已主义, 自负"
eject,[i5dVekt],"vt.逐出, 撵出, 驱逐, 喷射//n.推断的事物"
elapse,[i5lAps],"vi.(时间)过去, 消逝//v.流逝"
elbow,[5elbEu],n.肘
elderly,[5eldEli],"adj.过了中年的, 稍老的"
electrician,[ilek5triF(E)n],"n.电工, 电学家"
electronics,[ilek5trCniks],n.电子学
elegant,[5eligEnt],"adj.文雅的, 端庄的, 雅致的, <口>上品的, 第一流的"
elevate,[5eliveit],"vt.举起, 提拔, 振奋, 提升...的职位"
elicit,[i5lisit],"vt.得出, 引出, 抽出, 引起"
eligible,[5elidVEbl],"adj.符合条件的, 合格的"
elite,[ei5li:t],"n.<法>[集合名词]精华, 精锐, 中坚分子"
eloquent,[5elEkwEnt],"adj.雄辩的, 有口才的, 动人的, 意味深长的"
embark,[im5bB:k],"v.上船, 上飞机, 着手, 从事, 装于船上, 登上"
embassy,[5embEsi],"n.大使及其随员, 大使的派遣, 大使馆"
embed,[im5bed],"vt.使插入, 使嵌入, 深留, 嵌入, [医]包埋"
embody,[im5bCdi],"vt.具体表达, 使具体化, 包含, 收录"
empirical,[em5pirikEl],"adj.完全根据经验的, 经验主义的, [化]实验式"
enclosure,[in5klEuVE],"n.围住, 围栏, 四周有篱笆或围墙的场地"
endeavor,[in5devE],"n.努力, 尽力//vi.尽力, 努力"
endow,[in5dau],"v.捐赠, 赋予"
endurance,[in5djurEns],"n.忍耐(力), 持久(力), 耐久(性)某〉"
energetic,[7enE5dVetik],"adj.精力充沛的, 积极的"
engagement,[in5geidVmEnt],"n.约会, 婚约, 诺言, 交战, 接站, 雇拥, [机]接合"
enhance,[in5hB:ns],"vt.提高, 增强//v.提高"
enlighten,[in5laitn],"vt.启发, 启蒙, 教导, 授予...知识, 开导, <古>照耀"
enrich,[in5ritF],"vt.使富足, 使肥沃, 装饰, 加料于, 浓缩"
enroll,[in5rEul],"v.[亦作enrol] 登记, 招收, 使入伍(或入会、入学等), 参加, 成为成员"
ensue,[in5sju:],"vi.跟着发生, 继起//vt.(基督教《圣经》用语)追求"
entail,[in5teil],"vt.使必需, 使蒙受, 使承担, 遗传给//n.[建]限定继承权"
enterprise,[5entEpraiz],"n.企业, 事业, 计划, 事业心, 进取心, 干事业"
entertainment,[entE5teinmEnt],"n.款待, 娱乐, 娱乐表演"
enthusiastic,[in7Wju:zi5Astik],"adj.热心的, 热情的"
entity,[5entiti],n.实体
entrepreneur,[7CntrEprE5nE:],"n.<法>企业家, 主办人"
envisage,[in5vizidV; en-],v.正视
episode,[5episEud],"n.一段情节, [音]插曲, 插话, 有趣的事件"
epoch,[5i:pCk; 5epCk],"n.新纪元, 时代, 时期, 时间上的一点, [地质]世"
equator,[i5kweitE],"n.赤道, 赤道似的圈.圆"
equilibrium,[7i:kwi5libriEm],"n.平衡, 平静, 均衡, 保持平衡的能力, 沉着, 安静"
erosion,[i5rEuVEn],"n.腐蚀, 侵蚀"
erroneous,[i5rEunjEs],"adj.错误的, 不正确的"
erupt,[i5rQpt],vt.喷出//vi.爆发
escort,[is5kC:t],"n.护卫(队), 护送, 陪同(人员), 护卫队//v.护卫, 护送, 陪同"
essence,[5esns],"n.基本, [哲]本质, 香精"
estate,[i5steit],"n.状态, 不动产, 时期, 阶层, 财产"
esthetic,[i:s5Wetik],adj.感觉的
eternal,[i(:)5tE:nl],"adj.永恒的, 永远的, 不灭的, 没完没了的"
ethics,[5eWiks],"n.偶尔, 道德规范"
ethnic,[5eWnik],"adj.人种的, 种族的, 异教徒的"
evoke,[i5vEuk],"vt.唤起, 引起, 博得"
exceptional,[ik5sepFEnl],"adj.例外的, 异常的"
exclusive,[iks5klu:siv],"adj.排外的, 孤高的, 唯我独尊的, 独占的, 唯一的, 高级的"
execution,[7eksi5kju:FEn],"n.实行, 完成, 执行, 死刑, 制作, (武器等的)破坏效果, 杀伤力"
exemplify,[ig5zemplifai],"vt.例证, 例示, 作为...例子"
exempt,[ig5zempt],v.免除//adj.被免除的
exile,[5eksail; 5egz-],"n.放逐, 充军, 流放, 流犯, 被放逐者//vt.放逐, 流放, 使背井离乡"
exotic,[ig5zCtik],"adj.异国情调的, 外来的, 奇异的"
expedition,[7ekspi5diFEn],"n.远征, 探险队, 迅速, 派遣"
expel,[iks5pel],"v.驱逐, 开除, 排出, 发射"
expend,[iks5pend],"vt.花费, 消耗, 支出, [海]把(暂时不用的绳)绕在杆上"
expenditure,[iks5penditFE; eks-],"n.支出, 花费"
expertise,[7ekspE5ti:z],"n.专家的意见, 专门技术"
expire,[iks5paiE; eks-],"v.期满, 终止, 呼气, 断气, 届满"
explicit,[iks5plisit],"adj.外在的, 清楚的, 直率的, (租金等)直接付款的"
exposition,[7ekspE5ziFEn],"n.博览会, 展览会, 说明, 曝露, [戏]展示部分, [音]呈示部"
exquisite,[5ekskwizit],"adj.优美的, 高雅的, 精致的, 剧烈的, 异常的, 细腻的, 敏锐的"
extinct,[iks5tiNkt],"adj.熄灭的, 灭绝的, 耗尽的//vt.<古>使熄灭"
extinguish,[iks5tiNgwiF],"vt.熄灭, 消灭, 压制, 使黯然失色, 偿清"
extract,[iks5trAkt],"n.精, 汁, 榨出物, 摘录, 选粹//vt.拔出, 榨取, 开方, 求根, 摘录, 析取, 吸取"
extravagant,[iks5trAvEgEnt],"adj.奢侈的, 浪费的, 过分的, 放纵的"
fabricate,[5fAbrikeit],"vt.制作, 构成, 捏造, 伪造, 虚构"
facet,[5fAsit],"n.(多面体的)面, (宝石等的)刻面, 小平面, 方面, 琢面//vt.在...上刻画"
facilitate,[fE5siliteit],"vt.（不以人作主语的）使容易, 使便利, 推动, 帮助, 使容易, 促进"
fake,[feik],"n.假货, 欺骗//adj.假的//vt.伪造, 赝造, 捏造, 假造, 仿造//vi.伪装"
fantastic,[fAn5tAstik],"adj.幻想的, 奇异的, 稀奇古怪的, 荒谬的, 空想的"
fantasy,[5fAntEsi; 5fAntEzi],"n.幻想, 白日梦"
fascinate,[5fAsineit],"vt.使着迷, 使神魂颠倒//vi.入迷, 极度迷人的"
fax,[fAks],n.vt.传真
feast,[fi:st],"n.节日, 盛宴, 筵席, 宴会, 酒席//vt.盛宴, 款待, 享乐, 请客//vi.参加宴会, 享受"
federation,[7fedE5reiFEn],"n.同盟, 联邦, 联合, 联盟"
feeble,[5fi:bl],"adj.虚弱的, 衰弱的, 无力的, 微弱的, 薄弱的"
fellowship,[5felEuFip],"n.伙伴关系, 交情, 团体, 奖学金, 友谊"
feminine,[5feminin],"adj.妇女(似)的, 娇柔的, 阴性的, 女性的"
ferry,[5feri],"n.摆渡, 渡船, 渡口//vt.渡运, (乘渡船)渡过, 运送//vi.摆渡, (船)来往行驶"
finite,[5fainait],"adj.有限的, [数]有穷的, 限定的"
fist,[fist],"n.拳头, 手, 抓住, 抓牢//vt.拳打, 握成拳, 紧握"
fitting,[5fitiN],"adj.适合的, 相称的, 适宜的//n.试穿, 试衣, 装配, 装置"
fixture,[5fikstFE],"n.固定设备, 预定日期, 比赛时间, [机]装置器, 工作夹具"
flank,[flANk],"n.腰窝, 侧面, 军队侧翼, 侧腹, 胁, 腰窝肉//vt.在...的侧面, 侧翼包围, 守侧面//vi.侧面与...相接"
flap,[flAp],"n.拍打, 拍打声, 副翼//v.拍打, 鼓翼而飞, 飘动, 拉下(帽)的边, 扔, 掷"
flare,[flZE],"n.闪光, 闪耀//vi.闪光, 突然烧起来, 闪耀//vt.使闪耀, 使张开"
flatter,[5flAtE],"vt.过分夸赞, 奉承, 阿谀, 使高兴, 使满意, (画, 肖像上的形象)胜过(真人或实物).侧面与...相"
flaw,[flC:],"n.缺点, 裂纹, 瑕疵, 一阵狂风//vt.使破裂, 使有缺陷, 使无效//vi.生裂缝, 变的有缺陷"
flee,[fli:],"vt.逃避, 逃跑, 逃走//vi.消散, 逃, 消失"
fling,[fliN],"n.投, 掷, 猛冲, 暴躁的行动, 急冲, 嘲弄, 讥笑//vt.猛投, 抛, 掷, 使陷入, 挥动, 嘲笑, 扫视//vi.猛冲, 直冲, 急行"
fluctuate,[5flQktjueit],"vi.变动, 波动, 涨落, 上下, 动摇//vt.使动摇, 使波动, 使起伏"
flush,[flQF],"n.奔流, 晕红, 激动, 萌芽, 活力旺盛, 发烧, 一手同花的五张牌, 惊鸟//adj.挥霍的, 直接的, 丰足的, 泛滥的//adv.齐平地, 直接地//vi.(脸)发红, 奔涌, 充沛, 惊飞//vt.淹没, 冲洗, 使脸红, 使齐平, 使惊飞, 使激动"
flutter,[5flQtE],"n.摆动, 鼓翼, 烦扰//vi.鼓翼, 飘动, 悸动, 乱跳, 烦扰//vt.拍(翅), 使焦急"
foam,[fEum],"n.泡沫, 水沫, 泡沫材料, 泡沫橡皮, 泡沫塑料//vi.起泡沫, 冒汗水, 吐白沫//vt.使起泡沫"
foil,[fCil],"n.箔, 金属薄片, [建]叶形片, 烘托, 衬托//vt.衬托, 阻止, 挡开, 挫败, 贴箔于"
foremost,[5fC:mEust],"adj.(位置或时间)最先的, 最初的, 最重要的//adv.首要地, 首先"
foresee,[fC:5si:],"vt.预见, 预知"
format,[5fC:mAt; -mB:t],"n.开本, 版式, 形式, 格式//vt.安排...的格局(或规格), [计]格式化(磁盘)箔于"
formidable,[5fC:midEbl],"adj.强大的, 令人敬畏的, 可怕的, 艰难的"
formulate,[5fC:mjuleit],"vt.用公式表示, 明确地表达, 作简洁陈述//v.阐明"
fort,[fC:t],"n.堡垒, 边界上的贸易站"
forthcoming,[fC:W5kQmiN],adj.即将来临的//n.来临
forum,[5fC:rEm],"n.古罗马城镇的广场(或市场), 论坛, 法庭, 讨论会"
fossil,[5fCsl],"n.化石, 僵化的事物//adj.化石的, 陈腐的, 守旧的"
foster,[5fCstE],"vt.养育, 抚育, 培养, 鼓励, 抱(希望)//n.养育者, 鼓励者"
foul,[faul],"adj.污秽的, 邪恶的, 肮脏的, 淤塞的, 恶劣的//vt.弄脏, 妨害, 污蔑, 犯规, 淤塞//vi.腐烂, 犯规, 缠结//n.犯规, 缠绕//adv.违反规则地, 不正当地"
fracture,[5frAktFE],"n.破裂, 骨折//v.(使)破碎, (使)破裂"
fragile,[5frAdVail],"adj.易碎的, 脆的"
fraud,[frC:d],"n.欺骗, 欺诈行为, 诡计, 骗子, 假货"
fringe,[frindV],"n.边缘, 须边, 刘海//adj.边缘的, 额外的//v.在...上加以缘饰, 成为...的边缘"
frustrate,[frQs5treit],"v.挫败, 阻挠, 使感到灰心, 阻止"
furious,[5fjuEriEs],"adj.狂怒的, 狂暴的, 激烈的, 热烈兴奋的, 极为激烈"
fuse,[fju:z],"n.保险丝, 熔丝//v.熔合"
fusion,[5fju:VEn],"n.熔化, 熔解, 熔合, 熔接"
fuss,[fQs],"n.忙乱, 大惊小怪, 大惊小怪的人//v.忙乱, 大惊小怪"
galaxy,[5gAlEksi],"n.星系, 银河, 一群显赫的人, 一系列光彩夺目的东西"
gallery,[5gAlEri],"n.走廊、戏院、教堂等中最高的楼座, 美术陈列室, 画廊, 图库"
gamble,[5gAmbl],"n.冒险//v.赌博, 投机, 孤注一掷"
gaol,[dVeil; dVel],"n.(<英>=jail)监狱, 拘留所//vt.监禁"
garbage,[5gB:bidV],"n.垃圾, 废物"
garment,[5gB:mEnt],"n.衣服, 外衣, 外表"
gasp,[gB:sp],"vi.喘息, 气喘//vt.气吁吁地说"
gear,[giE],"n.齿轮, 传动装置//v.调整, (使)适合, 换档"
gene,[dVi:n],"n.[遗传]因子, [遗传]基因"
generalize,[5dVenErElaiz],"vt.归纳, 概括, 推广, 普及"
genetic,[dVi5netik],"adj.遗传的, 起源的"
geology,[dVi5ClEdVi],"n.地质学, 地质概况"
gigantic,[dVai5gAntik],"adj.巨人般的, 巨大的"
given,[5givn],"adj.赠予的, 沉溺的, 特定的, 假设的//vbl.give的过去分词"
glare,[glZE],"n.眩目的光, 显眼, 怒目而视, (冰等的表面)光滑的表面//v.闪耀"
gleam,[gli:m],"n.微弱的闪光, 一丝光线, 瞬息的一现//vi.闪烁, 隐约地闪现//vt.使发微光, 使闪烁"
glide,[glaid],"v.滑行, 悄悄地走, (时间)消逝, 滑翔//n.滑行, 滑翔, 滑移, 滑音"
glitter,[5glitE],"vi.闪闪发光, 闪烁, 闪光//n.闪光"
global,[5glEubEl],"adj.球形的, 全球的, 全世界的"
gloomy,[5glu:mi],"adj.黑暗的, 阴沉的, 令人沮丧的, 阴郁的"
gorgeous,[5gC:dVEs],"adj.华丽的, 灿烂的"
gossip,[5gCsip],"n.闲话, 闲谈"
grab,[grAb],"v.抢夺, 攫取, 夺取"
gracious,[5greiFEs],"adj.亲切的, 高尚的"
graze,[greiz],"v.放牧, 吃草, 擦伤, 擦过//n.放牧, 牧草, 轻擦, 擦破处"
grease,[gri:s],"n.油脂, 贿赂//vt.涂脂于, <俗>贿赂"
grief,[gri:f],"n.悲痛, 伤心事, 不幸, 忧伤"
grieve,[gri:v],"v.(使)悲痛, (使)伤心, 忧伤"
grim,[grim],adj.严酷的
grin,[grin],"n.露齿笑, 裂口笑//v.露齿而笑"
groan,[grEun],"n.呻吟, 叹息//vi.呻吟, 受折磨, 受压迫发出嘎吱声//vt.呻吟着说"
grope,[grEup],v.n.摸索
guardian,[5gB:djEn],"n.护卫者, 保护人, 监护人//adj.守护的"
guideline,[],n.方针
guy,[gai],"n.家伙, 人"
hamper,[5hAmpE],"v.妨碍, 牵制"
handbook,[5hAnd7buk],"n.手册, 便览"
handicap,[5hAndikAp],"n.障碍, 阻碍, 障碍赛跑//v.妨碍, 使不利, 阻碍"
hasty,[5heisti],"adj.匆忙的, 草率的"
hatch,[hAtF],"n.孵化, 舱口, 舱口盖, (门、墙壁、地板上的)开口//vt.孵, 孵出, 策划, 图谋//vi.孵化"
haul,[hC:l],"n.用力拖拉, 拖, 拉, 捕获物, 努力得到的结果, (尤指)一网捕获的鱼量, 拖运距离//vi.拖, 拉, 改变方向, 改变主意//vt.拖拉, 拖运"
haunt,[hC:nt],v.神鬼出没
heal,[hi:l],"v.治愈, 医治, 结束"
hearing,[5hiEriN],"n.听力, 听觉, 听取意见, 听讼//v.倾听"
heave,[hi:v],v.举起//n.举起
heighten,[5haitn],"v.提高, 升高"
heir,[ZE],"n.继承人, 后嗣"
hemisphere,[5hemisfiE],n.半球
henceforth,[hens5fC:W],"adv.自此以后, 今后"
heritage,[5heritidV],"n.遗产, 继承权, 传统"
hierarchy,[5haiErB:ki],n.层次//层级
highlight,[5hailait],"n.加亮区, 精彩场面, 最显著(重要)部分//vt.加亮, 使显著, 以强光照射, 突出"
hinder,[5hindE],"adj.后面的//v.阻碍, 打扰"
hinge,[hindV],"n.（门、盖等的）铰链, 枢纽, 关键//vt.装铰链//v.装以绞链, 依...而转移"
historian,[his5tC:riEn],"n.历史学家, 史家"
historic,[his5tCrik],"adj.历史上著名的, 有历史性的"
hitherto,[7hiTE5tu:],"adv.迄今, 至今"
hoist,[hCist],"n.提升间, 升起"
homogeneous,[7hCmEu5dVi:njEs],"adj.同类的, 相似的, 均一的, 均匀的"
horrible,[5hCrEbl],"adj.可怕的, 恐怖的, 讨厌的"
hose,[hEuz],"n.软管, 水龙带, 长筒袜//v.用软管浇水"
hospitality,[7hCspi5tAliti],"n.好客, 宜人, 盛情"
hostage,[5hCstidV],"n.人质, 抵押品"
hover,[5hCvE],v.盘旋
hug,[hQg],n.拥抱
humanity,[hju(:)5mAniti],"n.人性, 人类, 博爱, 仁慈"
humidity,[hju:5miditi],"n.湿气, 潮湿, 湿度<美>沼泽中的肥沃高地"
hurl,[hE:l],"n.<俚>[棒球]用力或猛烈的投掷//vt.用力投掷, 愤慨地说出, 丢下, 推翻//vi.猛投, 猛掷"
hurricane,[5hQrikEn; -kin],"n.飓风, 狂风"
hypothesis,[hai5pCWisis],n.假设
hysterical,[his5terikEl],"a歇斯底里的, 异常兴奋的"
identification,[ai7dentifi5keiFEn],"n.辨认, 鉴定, 证明, 视为同一"
identity,[ai5dentiti],"n.同一性, 身份, 一致, 特性, 恒等式"
ideology,[7aidi5ClEdVi; id-],n.意识形态
idiom,[5idiEm],"n.成语, 方言, 土语, 习惯用语"
ignite,[ig5nait],"v.点火, 点燃"
ignorance,[5ignErEns],"n.无知, 不知"
illuminate,[i5lju:mineit],"vt.照明, 照亮, 阐明, 说明, 使灿烂, 以灯火装饰(街道等)//vi.照亮"
illusion,[i5lu:VEn; i5lju:-],n.幻想
imaginative,[i5mAdVinEtiv],"adj.想象的, 虚构的"
imitation,[imi5teiFEn],"n.模仿, 效法, 冒充, 赝品, 仿造物"
immerse,[i5mE:s],"vt.沉浸, 使陷入"
immune,[i5mju:n],adj.免疫的
impair,[im5pZE],v.削弱
impart,[im5pB:t],"vt.给予(尤指抽象事物), 传授, 告知, 透露"
imperative,[im5perEtiv],"n.命令, 诫命, 需要, 规则, 祈使语气//adj.命令的, 强制的, 紧急的, 必要的, 势在必行的, [语法]祈使的"
imperial,[im5piEriEl],adj.皇帝的
impetus,[5impitEs],"n.推动力, 促进"
implement,[5implimEnt],"n.工具, 器具//vt.贯彻, 实现//v.执行"
implicit,[im5plisit],"adj.暗示的, 盲从的, 含蓄的, 固有的, 不怀疑的, 绝对的"
impulse,[5impQls],"n.推动, 刺激, 冲动, 推动力//vt.推动"
inaugurate,[i5nC:gjureit],"vt.举行就职典礼, 创新, 开辟, 举行开幕(落成、成立)典礼."
incentive,[in5sentiv],n.动机//adj.激励的
incidence,[5insidEns],"n.落下的方式, 影响范围, [物理]入射"
incidentally,[insi5dentEli],"adv.附带地, 顺便提及"
inclusive,[in5klu:siv],"adj.包含的, 包括的"
incorporate,[in5kC:pEreit],"adj.合并的, 结社的, 一体化的//vt.合并, 使组成公司, 具体表现//vi.合并, 混合, 组成公司//vt.[律]结社, 使成为法人组织"
incredible,[in5kredEbl],adj.<口>难以置信的
incur,[in5kE:],v.招致
indefinite,[in5definit],"adj.模糊的, 不确定的, [语]不定的"
indicative,[in5dikEtiv],"adj.(～ of) 指示的, 预示的, 可表示的"
indignant,[in5dignEnt],"adj.愤怒的, 愤慨的"
indignation,[7indig5neiFEn],"n.愤慨, 义愤"
induce,[in5dju:s],"vt.劝诱, 促使, 导致, 引起, 感应"
indulge,[in5dQldV],v.纵容
inertia,[i5nE:FjE],"n.惯性, 惯量"
infectious,[in5fekFEs],"adj.有传染性的, 易传染的, 有感染力的"
inference,[5infErEns],n.推论
inflation,[in5fleiFEn],"n.胀大, 夸张, 通货膨胀, (物价)暴涨"
inflict,[in5flikt],v.造成
ingenious,[in5dVi:njEs],"adj.机灵的, 有独创性的, 精制的, 具有创造才能"
ingredient,[in5gri:diEnt],"n.成分, 因素"
inhabit,[in5hAbit],"vt.居住于, 存在于, 占据, 栖息"
inhibit,[in5hibit],"抑制, 约束, [化][医]抑制"
initiate,[i5niFieit],"vt.开始, 发动, 传授//v.开始, 发起"
initiative,[i5niFiEtiv],n.主动
inject,[in5dVekt],"vt.注射, 注入"
inland,[5inlEnd],"adj.内陆的, 国内的//adv.在内地, 向内地//n.内地"
inlet,[5inlet],"n.进口, 入口, 水湾, 小港, 插入物"
innovation,[7inEu5veiFEn],"n.改革, 创新"
innumerable,[i5nju:mErEbl],"adj.无数的, 数不清的"
insane,[in5sein],"adj.患精神病的, 精神病患者的, 极愚蠢的"
insight,[5insait],"n.洞察力, 见识"
inspiration,[7inspE5reiFEn],n.灵感
installment,[in5stC:lmEnt],n.部分
instantaneous,[7instEn5teinjEs],"adj.瞬间的, 即刻的, 即时的"
instrumental,[7instru5mentl],"adj.仪器的, 器械的, 乐器的"
insulate,[5insjuleit],"vt.使绝缘, 隔离"
intact,[in5tAkt],"adj.完整无缺的, 尚未被人碰过的, (女子)保持童贞的, (家畜)未经阉割的"
integral,[5intigrEl],"adj.完整的, 整体的, [数学] 积分的, 构成整体所需要的//n.[数学] 积分, 完整, 部分"
integrate,[5intigreit],"vt.使成整体, 使一体化, 求...的积分//v.结合"
integrity,[in5tegriti],"n.正直, 诚实, 完整, 完全, 完整性"
intellect,[5intilekt],n.智力
intelligible,[in5telidVEbl],adj.可理解的
intensify,[in5tensifai],vt.加强//vi.强化
intent,[in5tent],"n.意图, 目的, 意向, [律](犯罪或侵权行为的)故意//adj.专心的, 决心的, 热心的"
interact,[7intEr5Akt],"vi.互相作用, 互相影响"
interim,[5intErim],"adj.中间的, 临时的, 间歇的//n.中间时期, 过渡时期, 暂定"
intermittent,[7intE(:)5mitEnt],"adj.间歇的, 断断续续的"
intersection,[7intE(:)5sekFEn],"n.[数]交集, 十字路口, 交叉点"
intervene,[7intE5vi:n],"vi.干涉, 干预, 插入, 介入, (指时间)介于其间//v.干涉"
intimidate,[in5timideit],v.胁迫
intricate,[5intrikit],"adj.复杂的, 错综的, 难以理解的"
intrigue,[in5tri:g],"n.阴谋, 诡计//vi.密谋, 私通//vt.激起...的兴趣, 用诡计取得"
intrinsic,[in5trinsik],"adj.(指价值、性质)固有的, 内在的, 本质的"
intuition,[7intju(:)5iFEn],"n.直觉, 直觉的知识"
invalid,[in5vAlid],"n.病人, 残废者//adj.有病的, 残废的"
invaluable,[in5vAljuEbl],"adj.无价的, 价值无法衡量的"
invariably,[in5veEriEb(E)li],"adv.不变地, 总是//n.总是"
inventory,[5invEntri],"n.详细目录, 存货, 财产清册, 总量"
invert,[in5vE:t],"adj.转化的//vt.使颠倒, 使转化//n.颠倒的事物"
irony,[5aiErEni],"n.反话, 讽刺, 讽刺之事"
irrespective,[7iris5pektiv],"adj.不顾的, 不考虑的, 无关的"
irrigation,[7iri5geiFEn],"n.灌溉, 冲洗"
irritate,[5iriteit],"vt.激怒, 使急躁//v.刺激"
ivory,[5aivEri],n.象牙
jail,[dVeil],n.监狱//vt.监禁
jeopardize,[5dVepEdaiz],v.危害
jerk,[dVE:k],"n.性情古怪的人, 急推, 猛拉, 肌肉抽搐, (生理)反射, 牛肉干//vi.痉挛, 急拉, 颠簸地行进//vt.猛拉"
journalist,[5dVE:nElist],"n.新闻记者, 从事新闻杂志业的人"
junction,[5dVQNkFEn],"n.连接, 接合, 交叉点, 汇合处"
jury,[5dVuEri],"n.[律] 陪审团, 评判委员会, 陪审员//adj.[海]临时应急的"
justification,[dVQstifi5keiF(E)n],"n.认为有理, 认为正当, 理由, 辩护, 释罪"
kidney,[5kidni],"n.肾, (动物可食用的)腰子, 个性, 性格"
kit,[kit],"n.成套工具, 用具包, 工具箱, 成套用具"
knit,[nit],"v.编织, 密接, 结合"
knob,[nCb],"n.(门, 抽屉等的)球形捏手, 节, 瘤, 旋钮, 球形突出物, (煤, 砂糖等的)小块//vt.使有球形突出物//vi.鼓起"
lamb,[lAm],"n.小羊, 羔羊//v.生小羊"
lame,[leim],"adj.跛足的, 僵痛的, 不完全的, 金属薄片, 不知内情的人, (辩解、论据等)无说服力的//vi.变跛, 瘸行//vt.使成残废"
landscape,[5lAndskeip],"n.风景, 山水画, 地形, 前景//v.美化"
latent,[5leitEnt],"adj.潜在的, 潜伏的, 隐藏的//n.隐约的指印"
latitude,[5lAtitju:d],"n.纬度, 范围, (用复数)地区, 行动或言论的自由(范围)"
layman,[5leimEn],n.外行
leaflet,[5li:flit],"n.小叶, 传单"
lease,[li:s],"n.租借, 租约, 租赁物, 租期, 延续的一段时间//vt.出租, 租出, 租得"
legend,[5ledVEnd],"n.传说, 伟人传, 图例//联想集团，中国最大的国有品牌微机制造商之一"
legislation,[7ledVis5leiFEn],"n.立法, 法律的制定(或通过)卸蜓月鄣淖杂?范围) (家畜)未"
legitimate,[l i5dVitimit],"adj.合法的, 合理的, 正统的//v.合法"
liability,[7laiE5biliti],"n.责任, 义务, 倾向, 债务, 负债, 与assets相对"
lick,[lik],"n.舔, 少许, 打//vt.舔, 卷过, 鞭打, 克服, 征服//vi.轻轻拍打"
likelihood,[5laiklihud],"n.可能, 可能性"
limp,[limp],"adj.柔软的, 易曲的//vi.跛行"
linear,[5liniE],"adj.线的, 直线的, 线性的"
liner,[5lainE],"n.<美>班机, 划线者, 衬垫"
linger,[5liNgE],"v.逗留, 闲荡, 拖延, 游移"
literacy,[5litErEsi],n.有文化，有教养，有读写能力
literal,[5litErEl],"adj.文字的, 照字面上的, 无夸张的"
litter,[5litE],"n.垃圾，（供动物睡眠或防冻用的）干草、树叶, (一)窝, 轿, 担架//vt.乱丢, 铺草, 弄乱//vi.产仔, 乱丢垃圾"
lobby,[5lCbi],"n.大厅, 休息室, <美>游说议员者//vi.游说议员, 经常出入休息室//vt.对(议员)进行疏通"
locality,[lEu5kAliti],"n.位置, 地点"
locomotive,[7lEukE5mEutiv],"n.机车, 火车头//adj.运动的"
lofty,[5lC(:)fti],"adj.高高的, 崇高的, 高傲的, 高级的"
longitude,[5lCndVitju:d],"n.经度, 经线"
lounge,[laundV],"n.闲逛, 休闲室, 长沙发//vi.闲荡, 懒洋洋地躺卧//vt.虚度光阴"
lubricate,[5lu:brikeit],vt.润滑//v.加润滑油
luminous,[5lju:minEs],"adj.发光的, 明亮的"
lunar,[5lju:nE],"adj.月的, 月亮的"
magnify,[5mAgnifai],"vt.放大, 扩大, 赞美, 夸大, 夸张//vi.有放大能力"
magnitude,[5mAgnitju:d],"n.大小, 数量, 巨大, 广大, 量级"
majesty,[5mAdVisti],"n.最高权威, 王权, 雄伟"
mall,[mC:l],"n.购物商场, 商业街, 林荫路"
manifest,[5mAnifest],"n.载货单, 旅客名单//adj.显然的, 明白的//vi.出现//vt.表明, 证明"
manipulate,[mE5nipjuleit],"vt.(熟练地)操作, 使用(机器等), 操纵(人或市价、市场), 利用, 应付, 假造//vt.(熟练地)操作,巧妙地处理"
manoeuvre,[mE5nu:vE],"n.[亦作maneuvre] 策略, 调动//v.用策略, 调动, 演习, (敏捷地)操纵"
manuscript,[5mAnjuskript],"n.手稿, 原稿"
marble,[5mB:bl],"n.大理石, (玩具)弹球.石弹子, 雕刻品//adj.大理石的, 冷酷无情的, 坚硬的"
marginal,[5mB:dVinEl],"adj.记在页边的, 边缘的, 边际的"
marsh,[mB:F],"n.湿地, 沼泽, 沼泽地"
marshal,[5mB:FEl],"n.元帅, 典礼官, 执行官, 司仪官//vt.整顿, 配置, 汇集//vi.排列, 集合"
masculine,[5mB:skjulin],"adj.男性的, 男子气概的, [语法] 阳性的//n.男子, 男孩"
massive,[5mAsiv],"adj.厚重的, 大块的, 魁伟的, 结实的"
masterpiece,[5mB:stEpi:s],"n.杰作, 名著"
meadow,[5medEu],"n.草地, 牧场"
mechanism,[5mekEnizEm],"n.机械装置, 机构, 机制"
medal,[5medl],"n.奖章, 勋章, 纪念章//v.授予...奖章"
media,[5mi:djE],n.媒体
mediate,[5mi:diit; -djEt],"v.仲裁, 调停, 作为引起...的媒介, 居中调停"
medieval,[7medi5i:vEl],"adj.中世纪的, 仿中世纪的, 老式的, <贬>原始的"
Mediterranean,[7meditE5reinjEn],"n.地中海（=Mediterranean sea, 位于欧, 亚, 非三大洲之间）, 地中海沿岸的居民//adj.地中海的, 地中海民族的"
melody,[5melEdi],n.悦耳的音调
membership,[5membEFip],"n.成员资格, 成员人数"
menace,[5menEs],"n.威胁, 危险物//v.恐吓, 危及, 威胁"
merge,[mE:dV],"v.合并, 并入, 结合, 吞没, 融合"
mess,[mes],"n.混乱, 脏乱//v.弄乱"
messenger,[5mesindVE],"n.报信者, 使者"
metallic,[mi 5tAlik],adj.金属(性)的
metropolitan,[metrE5pClit(E)n],"adj.首都的, 主要都市的, 大城市"
midst,[5midst],n.中间//prep.在...中间
migrate,[mai5greit; 5maigreit],"vi.移动, 移往, 移植, 随季节而移居, (鸟类的)迁徙//vt.使移居, 使移植"
militant,[5militEnt],"adj.好战的, 积极从事或支持使用武力的"
mingle,[5miNgl],v.(使)混合
miniature,[5minjEtFE],"n.缩小的模型, 缩图, 缩影//adj.微型的, 缩小的"
minimal,[5minimEl],"adj.最小的, 最小限度的"
minimize,[5minimaiz],vt.将...减到最少//v.最小化
misery,[5mizEri],"n.痛苦, 苦恼, 悲惨, 不幸, 穷困"
misfortune,[mis5fC:tFEn],"n.不幸, 灾祸"
missionary,[5miFEnEri],"adj.传教的, 传教士的//n.传教士"
mobilize,[5mEubilaiz],v.动员
mock,[mCk],"v.嘲笑, 骗, 挫败, 嘲弄//adj.假的//n.嘲弄, 模仿, 仿制品"
momentum,[mEu5mentEm],"n.动力, 要素"
monopoly,[mE5nCpEli],"n.垄断, 垄断者, 专利权, 专利事业"
monster,[5mCnstE],"n.怪物, 妖怪"
morality,[mC5rAliti],adj.道德的//n.道德
mortal,[5mC:tl],"n.凡人, 人类//adj.必死的, 致命的, 人类的, 临终的//adj.<口>极端的, 非常大(长)的"
mortgage,[5mC:gidV],n.抵押//v.抵押
motel,[mEu5tel],n.汽车旅馆
mourn,[mC:n],"v.哀悼, 忧伤, 服丧"
muddy,[5mQdi],"adj.多泥的, 泥泞的"
multitude,[5mQltitju:d],"n.多数, 群众"
municipal,[mju(:)5nisipEl],"adj.市政的, 市立的, 地方性的, 地方自治的"
murmur,[5mE:mE],"n.低沉连续的声音, 咕哝, 怨言, 低语//v.发低沉连续的声音, 发怨言, 低声说, 低语"
muscular,[5mQskjulE],"adj.肌肉的, 强健的"
mutter,[5mQtE],"n.咕哝, 嘀咕//v.咕哝, 嘀咕"
myth,[miW],"n.神话, 神话式的人物(或事物), 虚构的故事, 荒诞的说法"
naive,[nB:5i:v],adj.天真的
narrative,[5nArEtiv],adj.叙述性的//n.叙述
nasty,[5nAsti],"adj.污秽的, 肮脏的, 令人厌恶的, 淫秽的, 下流的, 凶相的, 威胁的"
necessitate,[ni5sesiteit],v.成为必要
negligible,[5neglidVEbl],"adj.可以忽略的, 不予重视的"
negotiate,[ni5gEuFieit],"v.(与某人)商议, 谈判, 磋商, ,买卖, 让渡(支票、债券等), 通过, 越过"
nickel,[5nikl],"n.[化]镍, 镍币, (美国和加拿大的)五分镍币//vt.镀镍于"
nightmare,[5naitmeE(r); 可怕的事物],"n.梦魇, 恶梦, 可怕的事物"
nominal,[5nCminl],"adj.名义上的, 有名无实的, 名字的, [语]名词性的//n.名词性词"
nominate,[5nCmineit],"vt.提名, 推荐, 任命, 命名"
nonetheless,[7nQnTE5les],"adv.虽然如此, 但是"
norm,[nC:m],"n.标准, 规范"
notable,[5nEutEbl],"adj.值得注意的, 显著的, 著名的"
notation,[nEu5teiFEn],n.符号
notify,[5nEutifai],v.通报
notion,[5nEuFEn],"n.概念, 观念, 想法, 意见, 打算, 主张, (复数)<美语>小饰物"
notorious,[nEu5tC:riEs],adj.声名狼籍的
notwithstanding,[7nCtwiW5stAndiN],"prep.虽然, 尽管//adv.尽管, 还是//conj.虽然, 尽管"
nourish,[5nQriF],"vt.滋养, 使健壮, 怀有(希望,仇恨等),"
novelty,[5nCvElti],"n.新颖, 新奇, 新鲜, 新奇的事物"
numerical,[nju(:)5merikEl],"adj.数字的, 用数表示的//adj.数字的,用数字表示的"
nutrition,[nju:5triFEn],"n.营养, 营养学"
oath,[5EuW],"n.誓言, 宣誓, 诅咒"
obedient,[E5bi:djEnt; -diEnt],"adj.服从的, 孝顺的"
obligation,[7Cbli5geiFEn],"n.义务, 职责, 债务"
obscene,[Cb5si:n],"adj.淫秽的, 猥亵的"
obscure,[Eb5skjuE],"adj.暗的, 朦胧的, 模糊的, 晦涩的//vt.使暗, 使不明显"
odor,[5EudE],"n.气味, 名声"
offence,[E5fens],"n.犯罪, 冒犯, 违反, 罪过, 过错//n.[军] 攻击"
offensive,[E5fensiv],"adj.讨厌的, 无礼的, 攻击性的//n.进攻, 攻势"
offset,[5C:fset],"n.偏移量, 抵销, 弥补, 分支, 平版印刷, 胶印//vt.弥补, 抵销, 用平版印刷//vi.偏移, 形成分支"
offspring,[5CfspriN; (?@) 5C:f-],"n.(单复数同形)儿女, 子孙, 后代, 产物"
opaque,[Eu5peik],"n.不透明物//adj.不透明的, 不传热的, 迟钝的"
oppress,[E5pres],"vt.压迫, 压抑"
optimism,[5CptimizEm],"n.乐观, 乐观主义"
optimum,[5CptimEm],n.最适宜//adj.最适宜的
option,[5CpFEn],"n.选项, 选择权, [经]买卖的特权"
orient,[5C:riEnt],"n.东方, 东方诸国(指地中海以东各国)//adj.东方的, 上升的, 灿烂的//vi.适应形势, 向东//vt.使朝东, 使适应, 确定方向"
oriental,[7C(:)ri5entl],"n.东方人(尤指中国人和日本人)//adj.东方诸国的, 亚洲的, 东方的, (珍珠等)最优质的"
orientation,[7C(:)rien5teiFEn],"n.方向, 方位, 定位, 倾向性, 向东方"
originate,[E5ridVineit],"vt.引起, 发明, 发起, 创办//vi.起源, 发生"
ornament,[5C:nEmEnt],"n.装饰物, 教堂用品//vt.装饰, 修饰"
orthodox,[5C:WEdCks],"adj.正统的, 传统的, 习惯的, 保守的, 东正教的"
outbreak,[5autbreik],"n.(战争的)爆发, (疾病的)发作"
oval,[5EuvEl],"adj.卵形的, 椭圆的//n.卵形, 椭圆形"
overflow,[5EuvE5flEu],"n.溢出, 超值, 泛滥, 充满, 洋溢//v.(使)泛滥, (使)溢出, (使)充溢"
overhear,[7EuvE5hiE],"vt.无意中听到, 偷听"
overlap,[5EuvE5lAp],v.(与...)交迭
overt,[5EuvE:t],"adj.明显的, 公然的"
overthrow,[7EuvE5WrEu],"n.推翻, 打倒, 扔得过远得球//vt.打倒, 推翻, 颠覆"
overwhelm,[5EuvE5welm],"vt.淹没, 覆没, 受打击, 制服, 压倒"
oxide,[5Cksaid],n.[化]氧化物
pamphlet,[5pAmflit],n.小册子
panic,[5pAnik],"n.惊慌, 恐慌, 没有理由的"
paradise,[5pArEdaiz],n.天堂
paradox,[5pArEdCks],"n.似非而是的论点, 自相矛盾的话"
paralyze,[5pArElaiz],"vt.使瘫痪, 使麻痹"
parameter,[pE5rAmitE],"n.参数, 参量, <口>起限定作用的因素"
participant,[pB:5tisipEnt],"n.参与者, 共享者//adj.参与的"
partition,[pB:5tiFEn],"n.分割, 划分, 瓜分, 分开, 隔离物//vt.区分, 隔开, 分割"
pastime,[5pB:staim],"n.消遣, 娱乐"
pasture,[5pB:stFE],"n.牧地, 草原, 牧场//v.放牧, 牧(牛、羊)等, 吃草"
patent,[5peitEnt; 5pAtEnt],"n.专利权, 执照, 专利品//adj.特许的, 专利的, 显著的, 明白的, 新奇的//vt.取得...的专利权, 请准专利"
pathetic,[pE5Wetik],"adj.可怜的, 悲惨的"
patriotic,[7pAtri5Ctik; 7peitri-],"adj.爱国的, 有爱国心的"
patrol,[pE5trEul],"v.出巡, 巡逻//n.巡逻"
pave,[peiv],v.铺
pearl,[pE:l],n.珍珠
pedal,[5pedl],n.踏板//v.踩...的踏板
pedestrian,[pe5destriEn],"n.步行者//adj.徒步的, 呆板的, 通俗的"
peel,[pi:l],"v.剥, 削, 剥落"
peer,[piE],"n.同等的人, 贵族//vi.凝视, 窥视//vt.与...同等, 封为贵族"
penalty,[5penlti],"n.处罚, 罚款"
pendulum,[5pendjulEm],"n.钟摆, 摇锤"
pension,[5penFEn],"n.养老金, 退休金"
perception,[pE5sepFEn],"n.理解//感知,感觉//DPS公司出的数字影像压缩卡"
perfection,[pE5fekFEn],"n.尽善尽美, 完美, 完成"
perfume,[5pE:fju:m],"n.香味, 芳香, 香水//vt.使发香, 洒香水于, 发香味"
periodic,[piEri5Cdik],"adj.周期的, 定期的"
periodical,[7piEri5CdikEl],"adj.周期的, 定期的//n.期刊, 杂志"
perish,[5periF],"vi.毁灭, 死亡, 腐烂, 枯萎//vt.毁坏, 使麻木"
permeate,[5pE:mieit],"vt.弥漫, 渗透, 透过, 充满//vi.透入"
permissible,[pE(:)5misEbl],adj.可允许的
perpetual,[pE5petjuEl],adj.永久的
perplex,[pE5pleks],v.困惑
persistent,[pE5sistEnt],adj.持久稳固的
pest,[pest],n.有害物
petition,[pi5tiFEn],"n.请愿, 情愿书, 诉状, 陈情书//v.请求, 恳求, 请愿"
petty,[5peti],"adj.小的, 不重要的, 小规模的, 小型的, 细微的, 小器的, 卑鄙的"
physiological,[7fiziE5lCdVikEl],"adj.生理学的, 生理学上的"
plague,[pleig],"n.瘟疫, 麻烦, 苦恼, 灾祸//vt.折磨, 使苦恼, 使得灾祸"
plaster,[5plB:stE],"n.石膏, 灰泥, 膏药, 橡皮膏//vt.涂以灰泥, 敷以膏药, 减轻, 粘贴, 重创"
plateau,[5plAtEu; plA5tEu],"n.高地, 高原(上升后的)稳定水平(或时期、状态)封为贵族"
plausible,[5plC:zEbl],adj.似是而非的
plea,[pli:],"n.恳求, 请求, 辩解, 藉口"
plead,[pli:d],"vi.辩护, 恳求//vt.为...辩护, 借口, 托称"
pledge,[pledV],"n.保证, 誓言, 抵押, 抵押品//vt.保证, 使发誓, 抵押, 典当, 举杯祝...健康"
poke,[pEuk],"n.刺, 戳, 懒汉, 袋子//vt.戳, 捅, 拨开, 刺//vi.戳, 刺, 捅, 伸出, 刺探, 闲荡"
polar,[5pEulE],"adj.[天]两极的, 极地的, 南辕北辙的, 南极的, (北极星似的)指引的, 极性的, 北极的//n.极线, 极面"
poll,[pEul],"n.选举之投票, 民意测验//v.投票, 获得选票, 选举中获得"
ponder,[5pCndE],"v.沉思, 考虑"
pope,[pu:p],"n.罗马教皇, 主教, 蒲柏(1688-1744,英国诗人), 大腿上要害部位//vt.打大腿上要害部位"
porch,[pC:tF],"n.门廊, 走廊"
pore,[pC:; pCE],"n.毛孔, 小孔, 气孔//vi.熟读, 凝视, 细想, 沉思//vt.因凝视过度使...疲劳"
portray,[pC:5trei],v.描绘
pose,[pEuz],"n.姿势, 姿态//v.(使...)摆好姿势, 形成, 引起, 造成//vi.摆姿势, 佯装, 矫揉造作"
poster,[5pEustE],"n.海报, 招贴, (布告, 标语, 海报等的)张贴者"
postulate,[5pCstjuleit],"n.假定, 基本条件, 基本原理//vt.要求, 假定//vi.要求"
practicable,[5prAktikEbl],"adj.能实行的, 行得通的, 可以实行的"
prayer,[prZE],n.祈祷
preach,[pri:tF],v.鼓吹
precede,[pri(:)5si:d],"v.领先(于), 在...之前, 先于"
precipitate,[pri5sipiteit],"n.沉淀物//vt.猛抛, 使陷入, 促成, 使沉淀//vi.猛地落下//adj.突如其来的, 陡然下降(或下落)的, 贸然轻率的"
preclude,[pri5klu:d],n.排除
predecessor,[5pri:disesE],"n.前辈, 前任, (被取代的)原有事物"
predominant,[pri5dCminEnt],"adj.卓越的, 支配的, 主要的, 突出的, 有影响的"
pregnant,[5pregnEnt],"adj.怀孕的, 重要的, 富有意义的, 孕育的"
premature,[7premE5tjuE],"adj.未成熟的, 太早的, 早熟的"
premise,[5premis],"n.[逻][法]前提, (企业, 机构等使用的)房屋连地基//vt.提论, 预述, 假定//vi.作出前提"
premium,[5primjEm],"n.额外费用, 奖金, 奖赏, 保险费, (货币兑现的)贴水"
prescription,[pri5skripFEn],"n.指示, 规定, 命令, 处方, 药方"
presentation,[7prezen5teiFEn],"n.介绍, 陈述, 赠送, 表达"
preside,[pri5zaid],v.主持
prestige,[pres5ti:V; -5ti:dV],"n.声望, 威望, 威信"
presumably,[pri5zju:mEbEli],"adv.推测起来, 大概"
presume,[pri5zju:m],"vt.假定, 假设, 认为"
pretext,[5pri:tekst],"n.借口, 托辞//v.借口"
prevalent,[5prevElEnt],"adj.普遍的, 流行的"
prey,[prei],"n.被掠食者, 牺牲者, 掠食//vi.捕食, 掠夺, 折磨"
priest,[pri:st],n.牧师
priority,[prai5Criti],"n.先, 前, 优先, 优先权"
privacy,[5praivEsi],"n.独处而不受干扰, 秘密"
probe,[prEub],"n.探针, 探测器//vt.(以探针等)探查, 查明"
proceeding,[prE5si:diN],"n.行动, 进行,会议录, 学报"
proclaim,[prE5kleim],"vt.宣布, 声明, 显示, 显露"
productive,[prE5dQktiv],"adj.生产性的, 生产的, 能产的, 多产的"
productivity,[7prCdQk5tiviti],n.生产力
proficiency,[prE5fiFEnsi],"n.熟练, 精通, 熟练程度"
profile,[5prEufail],"n.剖面, 侧面, 外形, 轮廓"
profitable,[],adj.有利可图的
profound,[prE5faund],"adj.深刻的, 意义深远的, 渊博的, 造诣深的"
prolong,[prE5lCN],"vt.延长, 拖延"
promising,[5prCmisiN],"adj.有希望的, 有前途的"
prone,[prEun],adj.倾向于
propaganda,[7prCpE5gAndE],"n.宣传, [天主教]传道总会"
propagate,[5prCpEgeit],"v.繁殖, 传播, 宣传"
propel,[prE5pel],"vt.推进, 驱使"
prophet,[5prCfit],"n.先知, 预言者, 提倡者"
proposition,[7prCpE5ziFEn],"n.主张, 建议, 陈述, 命题"
prose,[prEuz],n.散文
prospective,[prEs5pektiv],adj.预期的
prototype,[5prEutEtaip],n.原型
provocative,[prE5vCkEtiv],adj.煽动的//n.刺激物
provoke,[prE5vEuk],"vt.激怒, 挑拨, 煽动, 惹起, 驱使"
proximity,[prCk5simiti],"n.接近, 亲近"
publicity,[pQb5lisiti],n.公开
purify,[5pjuErifai],vt.使纯净//v.净化
purity,[5pjuEriti],"n.纯净, 纯洁, 纯度"
pursuit,[pE5sju:t],n.追击
qualification,[7kwClifi5keiFEn],"n.资格, 条件, 限制, 限定, 赋予资格"
qualitative,[5kwClitEtiv],"adj.性质上的, 定性的"
quantify,[5kwCntifai],vt.确定数量//v.量化
quantitative,[5kwCntitEtiv],"adj.数量的, 定量的"
quart,[kB:t],n.夸脱(容量单位)13
quarterly,[5kwC:tEli],"n.季刊//adj.一年四次的, 每季的//adv.每季地"
quartz,[kwC:ts],n.石英
queer,[kwiE],"n.同性恋者//adj.奇怪的, 可疑的，不舒服的//vt.搞糟//n.同性恋者"
quench,[kwentF],"vt.结束, 熄灭，淬火//vi.熄灭, 平息"
quest,[kwest],n.寻求
questionnaire,[7kwestiE5nZE; -tFE-],"n.调查表, 问卷"
quiver,[5kwivE],"n.震动, 颤抖, 箭袋, 箭袋中的箭//vi.颤抖, 振动, 射中//vt.使颤动//adj.敏捷的"
racket,[5rAkit],"n.球拍, 喧闹纷乱//v.过着花天酒地的生活"
radiant,[5reidjEnt],"adj.发光的, 辐射的, 容光焕发的"
radiate,[5reidieit],"vt.放射, 辐射, 传播, 广播//vi.发光, 辐射, 流露//adj.有射线的, 辐射状的"
radical,[5rAdikEl],"adj.根本的, 基本的, 激进的//n.激进分子"
rage,[reidV],"n.愤怒, 情绪激动, 狂暴, 精神错乱//vi.大怒, 狂吹, 风行"
raid,[reid],"n.袭击, 搜捕//v.奇袭, 搜捕"
rally,[5rAli],"v.重整旗鼓, 给予新力量, (使)恢复健康, 力量, 决心, 集结//n.集会"
random,[5rAndEm],"n.随意, 任意//adj.任意的, 随便的, 胡乱的//adv.胡乱地"
rating,[5reitiN],"n.等级级别(尤指军阶), 额定, 责骂, 申斥"
readily,[5redili],"adv.乐意地, 欣然, 容易地"
realistic,[riE5listik],adj.现实(主义)的
reap,[ri:p],"v.收割, 收获"
rebellion,[ri5beljEn],"n.谋反, 叛乱, 反抗, 不服从"
recession,[ri5seFEn],"n.撤回, 退回, 退后, 工商业之衰退, 不景气"
recipe,[5resipi],n.处方
recipient,[ri5sipiEnt],"adj.容易接受的, 感受性强的//n.容纳者, 容器"
reciprocal,[ri5siprEkEl],"adj.互惠的, 相应的, 倒数的, 彼此相反的//n.倒数, 互相起作用的事物"
recite,[ri5sait],"v.背诵, 朗读, 叙述, [律]书面陈述(事实)"
reckless,[5reklis],adj.不计后果的
reckon,[5rekEn],"vt.计算, 总计, 估计, 猜想//vi.数, 计算, 估计, 依赖, 料想"
reclaim,[ri5kleim],"vt.要求归还, 收回, 开垦"
reconcile,[5rekEnsail],"vt.使和解, 使和谐, 使顺从"
recreation,[rekri5eiF(E)n],"n.消遣, 娱乐"
recruit,[ri5kru:t],"n.新兵, 新分子, 新会员//vt.使恢复, 补充, 征募//vi.征募新兵, 复原"
rectangular,[rek5tANgjulE],"adj.矩形的, 成直角的"
rectify,[5rektifai],"vt.矫正, 调整, [化]精馏"
recur,[ri5kE:],"vi.复发, 重现, 再来"
recycle,[5ri:5saikl],"v.使再循环, 反复应用//n.再循环, 再生, 重复利用"
redundant,[ri5dQndEnt],adj.多余的
refrain,[ri5frein],"n.重复, 叠句, [乐]副歌//vi.节制, 避免, 制止"
refreshment,[ri5freFmEnt],"n.点心, 饮料, 精力恢复, 爽快"
refugee,[7refju(:)5dVi:],"n.难民, 流亡者"
refute,[ri5fju:t],"vt.驳倒, 反驳"
regime,[rei5Vi:m],"n.政体, 政权, 政权制度"
reign,[rein],"vi.统治, 支配, 盛行, 占优势//n.统治, 统治时期, 支配"
rejoice,[ri5dVCis],"v.(使)欣喜, (使)高兴, 喜悦"
relay,[5ri:lei],"n.驿马, 接替, [电工]继电器//vt.(消息, 货物等)分程传递, 使接替, 转播//vi.得到接替, 转播"
reliance,[ri5laiEns],"n.信任, 信心, 依靠, 依靠的人或物"
remainder,[ri5meindE],"n.残余, 剩余物, 其他的人, [数]余数//v.廉价出售//adj.剩余的, 出售剩书的"
remnant,[5remnEnt],"n.残余, 剩余, 零料, 残迹//adj.剩余的, 残留的"
renaissance,[rE5neisEns],"n.复兴, 复活, 新生, 文艺复兴, 文艺复兴时期"
repay,[ri(:)5pei],"v.偿还, 报答, 报复"
repel,[ri5pel],"vt.击退, 抵制, 使厌恶, 使不愉快"
repertoire,[5repEtwB:],"n.(准备好演出的)节目, 保留剧目, (计算机的)指令表, 指令系统, <美>(某个人的)全部技能"
replacement,[ri5pleismEnt],"n.归还, 复位, 交换, 代替者, 补充兵员, 置换, 移位"
representation,[7reprizen5teiFEn],"n.表示法, 表现, 陈述, 请求, 扮演, 画像, 继承, 代表"
reproach,[ri5prEutF],v.责备
republican,[ri5pQblikEn],"adj.共和国的, 共和政体的, 共和主义的, 有关共和的//n.共和党人"
resemblance,[ri5zemblEns],n.类同之处
resent,[ri5zent],"v.愤恨, 怨恨"
reservation,[7rezE5veiFEn],"n.保留, (旅馆房间等)预定, 预约"
reside,[ri5zaid],vi.居住
residential,[7rezi5denFEl],"adj.住宅的, 与居住有关的"
resonance,[5rezEnEns],"n.共鸣, 回声, 反响, 中介, 谐振, 共振, 共振子, 极短命的不稳定基本粒子"
resultant,[ri5zQltEnt],"adj.作为结果而发生的, 合成的"
retail,[5ri:teil],"n.零售//adj.零售的//vt.零售, 转述//vi.零售//adv.以零售方式"
retention,[ri5tenFEn],保持力
retort,[ri5tC:t],"v.反驳, 反击, 回报//n.曲颈甑, 曲颈瓶, 蒸器"
retrieve,[ri5tri:v],v.重新得到//n.找回
retrospect,[5retrEuspekt],n.回顾
revelation,[7revi5leiFEn],"n.显示, 揭露, 被揭露的事, 新发现, 启示, 揭示"
revenge,[ri5vendV],"n.报仇, 复仇//vt.替...报仇, 复仇"
revive,[ri5vaiv],"v.(使)苏醒, (使)复兴, (使)复活, (使)再生效, 回想"
revolve,[ri5vClv],"v.(使)旋转, 考虑, 循环出现"
rig,[rig],"n.索具装备, 钻探设备, 钻探平台, 钻塔//v.装上索具, 配备, 装配"
rigorous,[5rigErEs],"adj.严格的, 严厉的, 严酷的, 严峻的"
rim,[rim],"n.边, 轮缘, 蓝框//vt.镶边, 为...装边, 沿...边缘滚动//vi.形成边状"
riot,[5raiEt],"n.暴乱, 骚动, (植物, 疾病等)蔓延, 放荡, 暴动//v.骚乱, 放纵, 挥霍, 参加骚动"
rip,[rip],"v.撕, 剥, 劈, 锯, 裂开, 撕裂//n.裂口, 裂缝"
ripple,[5ripl],n.波纹//v.起波纹
ritual,[5ritjuEl],"n.典礼, (宗教)仪式, 礼节//adj.典礼的, (宗教)仪式的"
robust,[rE5bQst],adj.精力充沛的
romance,[rE5mAns; rEu-],"n.冒险故事, 浪漫史, 传奇文学, 风流韵事, 虚构//vi.写传奇, 渲染, 虚构"
rot,[rCt],"v.(使)腐烂, (使)腐败//n.腐烂, 腐败"
royalty,[5rCiElti],"n.皇室, 王权"
rupture,[5rQptFE(r)? 断绝(关系等); 割裂n.破裂; 决裂; 敌对; 割裂],"v.破裂, 裂开, 断绝(关系等), 割裂//n.破裂, 决裂, 敌对, 割裂"
safeguard,[5seif7gB:d],"vt.维护, 保护, 捍卫//n.安全装置, 安全措施"
saint,[seint; sEnt],"n.圣人, 道德崇高的人, 圣徒//adj.神圣//v.成为圣徒"
sanction,[5sANkFEn],"n.批准, 同意, 支持, 制裁, 认可//v.批准, 同意, 支持, 鼓励, 认可"
saturate,[5sAtFEreit],"v.使饱和, 浸透, 使充满"
sauce,[sC:s],"n.沙司, 酱油, 调味料//vt.调味, 使增加趣味"
savage,[5sAvidV],"adj.野蛮的, 未开化的, 凶猛的, 残忍的//vt.用暴力对付//n.原始的人, 粗鲁的人"
scandal,[5skAndl],"n.丑行,丑闻,诽谤,耻辱,流言蜚语"
scar,[skB:],"n.伤痕,疤痕//v.结疤,使留下伤痕,创伤"
scared,[skZEd],adj.恐惧的
scent,[sent],"n.气味, 香味, 香水, 线索, 嗅觉, 臭迹//vt.闻出, 嗅, 发觉, 循着遗臭追踪, 使充满气味//vi.嗅猎, 发出气味"
sceptical,[5skeptikEl],"adj.怀疑论的, 怀疑的"
scorn,[skC:n],"n.轻蔑, 嘲笑, 被叱责的人//vt.轻蔑, 不屑做"
scrap,[skrAp],"n.小片, 废料, 剪下来的图片, 文章, 残余物, 废料, 打架//vt.扔弃, 敲碎, 拆毁//vi.互相殴打//adj.零碎的, 废弃的"
script,[skript],"n.手稿, 手迹, 剧本, 考生的笔试卷, 原本"
scrutiny,[5skru:tini],n.详细审查
sculpture,[5skQlptFE],"n.雕刻, 雕刻品, 雕塑, 雕塑品, [地理] 刻蚀//v.雕刻, 雕塑, 刻蚀"
seam,[si:m],"n.接缝, 线缝, 缝合线, 衔接口, 伤疤, 层//vt.缝合, 接合, 焊合, 使留下伤痕//vi.裂开, 发生裂痕"
sector,[5sektE],"n.部分, 部门, [计]扇区, 地区, 象限, 扇形//v.使分成部分, 把...分成扇形"
seemingly,[5si:miNli],adv.表面上地
segment,[5segmEnt],"n.段, 节, 片断//v.分割"
segregate,[5segrigeit],v.隔离
seminar,[5seminB:],"n.研究会, 讨论发表会"
senator,[5senEtE],"n.参议员, (大学的)评议员, (古罗马的)元老院议员"
sensation,[sen5seiFEn],"n.感觉, 感情, 感动, 耸人听闻的"
sentiment,[5sentimEnt],"n.情操, 情感, 情绪, 观点, 多愁善感, 感情"
sexual,[5seksjuEl],"adj.性的, 性别的, [生]有性的"
shabby,[5FAbi],"adj.破旧的, 褴褛的, 低劣的, 卑鄙的, 不公平的"
shaft,[FB:ft],"n.轴, 杆状物"
shatter,[5FAtE],"n.粉碎, 碎片, 落花(叶,粒等)//vt.打碎, 使散开, 粉碎, 破坏//vi.粉碎, 损坏, 落叶"
sheer,[FiE],"adj.全然的, 纯粹的, 绝对的, 彻底的, 透明的, 峻峭的//vi.避开, 躲避, 偏航//vt.使避开, 使偏航//adv.完全, 全然, 峻峭//n.偏航"
shipment,[5FipmEnt],"n.装船, 出货"
shrewd,[Fru:d],adj.精明
shrug,[FrQg],n.耸肩//v.耸肩
shutter,[5FQtE],"n.关闭者, 百叶窗, 快门, <美俚>安眠药//vt.关上, 装以遮门, 以百叶窗遮闭"
shuttle,[5FQtl],"n.往返汽车(列车、飞机), 航天飞机, 梭子, 穿梭//v.穿梭往返"
signify,[5signifai],"vt.表示, 意味//vi.要紧, 有重要性//v.颇为重要, 表示"
silicon,[5silikEn],"n.[化]硅, 硅元素"
simulate,[5simjuleit],"vt.模拟, 模仿, 假装, 冒充"
simultaneous,[7simEl5teinjEs],"adj.同时的, 同时发生的"
sin,[sin],"n.[俗] 违背习俗, 不合情理之事, 过失, 罪过, [数学] 正弦函数"
situated,[5sitjueitid],"adj.位于,被置于境遇,处于...的立场"
skeleton,[5skelitEn],"n.(动物之)骨架, 骨骼, 基干, 纲要, 万能钥匙"
skeptical,[5skeptikEl],"adj.怀疑性的,好怀疑的,<口>无神论的"
skip,[skip],"v.跳, 蹦, 急速改变, 跳读, 遗漏, 跳跃//n.跳跃"
slack,[slAk],"n.松弛, 静止, 淡季, 闲散, 家常裤//adj.松弛的, 不流畅的, 疏忽的, 软弱的, 漏水的, 呆滞的, 懒散的//adv.马虎地, 缓慢地//vt.使松弛, 使缓慢, 马虎从事//vi.松懈, 减弱, 松驰"
slap,[slAp],"vt.拍, 掌击, 拍击//n.拍, 掌击, 拍击"
slaughter,[5slC:tE],"n.屠宰, 残杀, 屠杀//v.屠宰, 残杀, 屠杀"
slim,[slim],"adj.苗条的, 纤细的, 不足取的, 无价值的, 细长的//v.变细, 减肥"
slogan,[5slEugEn],"n.口号, 标语"
slot,[slCt],"n.缝, 狭槽, 位置, 水沟, 细长的孔, 硬币投币口, 狭通道, 足迹//vt.开槽于, 跟踪"
slum,[slQm],n.贫民窟//vi.访问贫民区
smash,[smAF],"v.打碎, 粉碎//n.打碎, 粉碎//adj.出色的"
smuggle,[5smQgl],"n.走私, 偷带//v.走私"
snack,[snAk],"n.小吃, 快餐, 一份//v.吃快餐(小吃)值的, 细长的"
snap,[snAp],"v.猛地吸住, 突然折断, 使劈啪地晌, 猛咬//n.猛咬, 突然折断, 劈啪声//adj.突然的"
snatch,[snAtF],v.攫取//n.攫取
soar,[sC:; sCE],"v.高飞, 高丛, 滑翔, 剧增, 昂扬//n.高飞范围, 高涨程度"
sober,[5sEubE],adj.冷静的//v.镇定
sociology,[7sEusi5ClEdVi],n.社会学
software,[5sCftwZE],n.软件
solidarity,[7sCli5dAriti],n.团结
solitary,[5sClitEri],adj.孤独的
solo,[5sEulEu],n.独奏曲//adj.单独的
sovereign,[5sCvrin],"n.君主, 统治//adj.至高无上的, 君主的, 独立自主的, 完全的"
spacious,[5speiFEs],"adj.广大的, 大规模的"
sparkle,[5spB:kl],"v.发火花, (使)闪耀, (香槟酒等)发泡, 用眼神表达, 发光闪烁//n.火花, 闪光, 光彩, 活力, 发泡"
spatial,[5speiFEl],adj.空间的
speciality,[7speFi5Aliti],"n.特性, 特质, 专业, 特殊性"
species,[5spi:Fiz],"n.种类, (原)核素//n.[律]式样//n.[宗]圣餐物"
specifically,[spi5sifikEli],"adv.特定的, 明确的"
specification,[7spesifi5keiFEn],"n.详述, 规格, 说明书, 规范"
spectacle,[5spektEkl],"n.观览物, 展览物, 公开展示, 奇观, 景象, 光景, (a pair of ～s)眼镜"
spectacular,[spek5tAkjulE],"adj.引人入胜的, 壮观的"
spectator,[spek5teitE;5spekteitE],n.观众(指比赛或表演) 规范
spectrum,[5spektrEm],"n.光, 光谱, 型谱//频谱"
speculate,[5spekju7leit],"vi.推测, 思索, 做投机买卖"
spiral,[5spaiErEl],adj.螺旋形的//n.螺旋//v.盘旋
splash,[splAF],"n.溅, 飞溅, 斑点//v.溅, 泼, 溅湿"
spokesman,[5spEuksmEn],"n.发言人, 代表者"
sponge,[spQndV],"n.海绵, 海绵体, 海绵状物, (外科用的)棉球, 纱布//v.用海绵等冼涤、揩拭、擦拭或清除, 用海绵吸收(液体), (俗)依赖某人生活, 诈取某人钱财, 海绵般吸收"
spontaneous,[spCn5teinjEs; -niEs],"adj.自发的, 自然产生的"
spouse,[spauz],n.配偶(指夫或妻)Es
spy,[spai],"n.特工人员, 间谍, 侦探, 探员, 秘密侦察他人行动者//v.侦察, 侦察, 发现"
stabilize,[5steibilaiz],v.稳定
stagger,[5stAgE],"v.摇晃, 蹒跚, 交错, 摇摇摆摆//adj.交错的"
staircase,[5steEkeis],n.楼梯
stall,[stC:l],"n.货摊, 畜栏, 厩, 出售摊//v.(使)停转, (使)停止, 迟延"
startle,[5stB:tl],v.震惊
stationary,[5steiF(E)nEri],固定的
statistics,[stE5tistiks],"n.统计学, 统计表"
stereo,[5stiEriEu],"n.立体声系统, 立体声, [印]铅版, 立体照片//adj.立体的, 立体感觉的"
stereotype,[5stiEriEutaip],"n.[印]铅版, 陈腔滥调, 老套//vt.使用铅版, 套用老套, 使一成不变"
stern,[stE:n],"adj.严厉的, 苛刻的//n.船尾"
stimulus,[5stimjulEs],"n.刺激物, 促进因素, 刺激, 刺激"
stitch,[stitF],"v.缝, 缝合//n.一针, 针脚, 缝针"
straightforward,[streit5fC:wEd],"adj.正直的, 坦率的, 简单的, 易懂的, 直接了当的//adv.坦率地"
strategic,[strE5ti:dVik],"adj.战略的, 战略上的"
streamline,[5stri:mlain],adj.流线型的
stride,[straid],"v.大步走(过), 跨过, 大步行走//n.步幅"
striking,[5straikiN],"adj.打击的, 显著的, 惊人的, 罢工的"
strive,[straiv],"v.努力, 奋斗, 力争, 斗争"
stubborn,[5stQbEn],"adj.顽固的, 固执的, 坚定的, 坚决的, 难应付的, 难处理的"
studio,[5stju:diEu],"n.画室, 照相室, 工作室, (无线电或电视节目的)演播室, (制作电影的)摄影棚, (电影公司的)摄影场"
stumble,[5stQmbl],"v.绊倒, 使困惑, 蹒跚, 结结巴巴地说话, 踌躇//n.绊倒, 错误"
sturdy,[5stE:di],"adj.强健的, 坚定的, 毫不含糊的//n.[兽医]家畜晕倒病"
subjective,[sQb5dVektiv],"adj.主观的, 个人的"
subordinate,[sE5bC:dinit],"adj.次要的, 从属的, 下级的//n.下属//v.服从"
subscribe,[sEb5skraib],"v.捐款, 订阅, 签署(文件), 赞成, 预订"
subsidiary,[sEb5sidjEri],"adj.辅助的, 补充的"
subsidy,[5sQbsidi],"n.补助金, 津贴"
subtle,[5sQtl],"adj.狡猾的, 敏感的, 微妙的, 精细的, 稀薄的"
successor,[sEk5sesE],"n.继承者, 接任者, 后续的事物"
sue,[sju:; su:],"vt.控告, 向...请求, 请愿//vi.提出诉讼, 提出请求"
suffice,[sE5fais],"vi.足够, 有能力//vt.使满足"
suicide,[5sjuisaid],"n.自杀, 自毁, 给自己带来伤害或损失的行为"
suitcase,[5sju:tkeis],"n.手提箱, 衣箱"
summit,[5sQmit],"n.顶点, 最高阶层//adj.政府首脑的//vi.参加最高级会议的"
summon,[5sQmEn],"v.召集, 召唤, 号召, 鼓起, 振作"
superb,[sju:5pE:b],"adj.庄重的, 堂堂的, 华丽的, 极好的"
superiority,[sju(:)piEri5Criti],"n.优越, 高傲"
supersonic,[5sju:pE5sCnik],"adj.超音波的//n.超声波, 超声频"
supervise,[5sju:pEvaiz],"v.监督, 管理, 指导"
supplementary,[7sQpli5mentEri],"n.(supplementaries) 增补者, 增补物//adj.附助的"
suppress,[sE5pres],"vt.镇压, 抑制, 查禁, 使止住"
surge,[sE:dV],"n.巨涌, 汹涌, 澎湃//vi.汹涌, 澎湃, 振荡, 滑脱, 放松//vt.使汹涌奔腾, 急放"
surgeon,[5sE:dVEn],n.外科医生
surpass,[sE:5pB:s],"vt.超越, 胜过"
surplus,[5sE:plEs],"n.剩余, 过剩, [会计]盈余//adj.过剩的, 剩余的//vt.转让, 卖掉"
survival,[sE5vaivEl],"n.生存, 幸存, 残存, 幸存者, 残存物"
susceptible,[sE5septEbl],"adj.易受影响的, 易感动的, 容许...的//n.(因缺乏免疫力而)易得病的人"
suspension,[sEs5penFEn],"n.吊, 悬浮, 悬浮液, 暂停, 中止, 悬而未决, 延迟"
suspicious,[sEs5piFEs],"adj.(～ of) 可疑的, 怀疑的"
swamp,[swCmp],"n.沼泽, 湿地, 煤层聚水//v.陷入沼泽, 淹没, 覆没"
symmetry,[5simitri],"n.对称, 匀称"
symphony,[5simfEni],"n.交响乐, 交响曲"
symposium,[sim5pEuziEm; -5pC-],"n.讨论会, 座谈会"
symptom,[5simptEm],"n.[医][植]症状, 征兆"
synthesis,[5sinWisis],"n.综合, 合成"
tablet,[5tAblit],"n.写字板, 书写板, 碑, 牌匾, 拍纸簿, 便笺簿, 药片, 小块"
tackle,[5tAkl],"n.工具, 复滑车, 滑车, 辘轱, 用具, 装备, 扭倒//vt.固定, 应付(难事等), 处理, 解决, 抓住//vi.捉住, 扭住, 扭倒"
tactics,[5tAktiks],"n.战术, 策略"
tangle,[5tANgl],n.混乱状态//v.处于混乱状态
tar,[tB:],"[计]一种压缩文件的扩展名//n.焦油, 柏油"
tariff,[5tArif],"n.关税, 关税表, 税则, (旅馆, 饭店等的)价目表、价格表//vt.课以关税"
tease,[ti:z],"n.揶揄, 戏弄, 逗惹//vt.取笑, 逗恼, 奚落, 欺负, 嘲弄, 取笑, 强求, 梳理"
temperament,[5tempErEmEnt],"n.气质, 性情, 易激动, 急躁"
tempo,[5tempEu],"n.(音乐)速度、拍子, 发展速度"
tenant,[5tenEnt],"n.承租人, 房客, 租客//v.出租"
tentative,[5tentEtiv],"n.试验, 假设//adj.试验性的, 试探的, 尝试的, 暂定的"
terminate,[5tE:mineit],"v.停止, 结束, 终止"
terrace,[5terEs],"n.梯田的一层, 梯田, 房屋之平顶, 露台, 阳台, 倾斜的平地//adj.(女服)叠层式的//vt.使成梯形地, 使有平台屋顶"
terrain,[5terein],n.地形
terrific,[tE5rifik],adj.令人恐怖的
terrify,[5terifai],"vt.使恐怖, 恐吓"
testify,[5testifai],"v.证明, 证实, 作证"
testimony,[5testimEni],"n.证词(尤指在法庭所作的), 宣言, 陈述"
texture,[5tekstFE],"n.(织品的)质地, (木材, 岩石等的)纹理, (皮肤)肌理, (文艺作品)结构"
thanksgiving,[WANks5giviN],"n.感谢, [宗]感恩祈祷"
theft,[Weft],"n.偷, 行窃, 偷窃的事例, 偷窃行为"
theme,[Wi:m],"n.(谈话, 写作等的)题目, 主题, 学生的作文, 作文题, [音乐] 主题, 主题曲, 主旋律"
therapy,[5WerEpi],n.治疗
thereafter,[TZEr5B:ftE],"adv.其后, 从那时以后"
thermal,[5WE:mEl],"adj.热的, 热量的"
thesis,[5Wi:sis],"n.论题, 论文"
thirst,[WE:st],"n.渴, 口渴, (～ for)渴望, 热望"
thorn,[WC:n],"n.[植]刺, 棘, 荆棘"
threshold,[5WreFhEuld],"n.开始, 开端, 极限"
thrill,[Wril],v.发抖
tick,[tik],"n.滴答声, 记号, 勾号, 扁虱//v.滴答地响, 标以记号, 作滴答声"
tile,[tail],"n.瓦片, 瓷砖"
tilt,[tilt],"v.(使)倾斜, (使)翘起, 以言词或文字抨击"
timber,[5timbE],"n.木材, 木料"
timely,[5taimli],"adj.及时的, 适时的"
timid,[5timid],"adj.胆小的, 羞怯的"
token,[5tEukEn],"n.表示, 向征, 记号, 代币//adj.象征的, 表意的"
tolerant,[5tClErEnt],"adj.容忍的, 宽恕的, 有耐药力的"
toss,[tCs],"v.投, 掷"
tow,[tEu],"n.拖, 拖曳所用之绳, 麻的粗纤维//vt.拖, 曳, 牵引//vi.拖行, 被拖带"
tract,[trAkt],"n.广阔的地面, 土地, 地方, 地域, (解剖)管道, 小册子"
tragic,[5trAdVik],"adj.悲惨的, 悲剧的//n.(文艺作品或生活中的)悲剧因素, 悲剧风格"
trait,[treit],"n.显著的特点, 特性"
transaction,[trAn5zAkFEn],"n.办理, 处理, 会报, 学报, 交易, 事务, 处理事务"
transcend,[trAn5send],"vt.超越, 胜过"
transient,[5trAnziEnt],"adj.短暂的, 瞬时的//n.瞬时现象"
transit,[5trAnsit],"n.经过, 通行, 搬运, 运输, 运输线, 转变//vt.横越, 通过, 经过//vi.通过//n.[天] 中天, 经纬仪"
transition,[trAn5ziVEn; -5siFEn],"n.转变, 转换, 跃迁, 过渡, 变调"
transplant,[trAns5plB:nt],"v.移植, 移种, 移民, 迁移//n.移植, 被移植物, 移居者"
traverse,[5trAvE(:)s],"n.横贯, 横断, 横木, 障碍, 否认, 反驳, (建筑)通廊//vt.横过, 穿过, 经过, 在...来回移动, 反对, 详细研究//vi.横越, 横断, 旋转, 来回移动//adj.横断的, 横的"
trench,[trentF],"n.沟渠, 堑壕, 管沟, 电缆沟, 战壕//v.掘沟, 挖战壕"
tribe,[traib],"n.部落, 部族"
tribute,[5tribju:t],"n.贡品, 礼物, 颂词, 殷勤, 贡物"
trifle,[5traifl],"n.琐事, 少量, 蛋糕, 小事//v.开玩笑, 玩弄, 闭混, 浪费, 嘲弄"
trigger,[5trigE],"vt.引发, 引起, 触发//n.板机"
triple,[5tripl],"n.三倍数, 三个一组//adj.三倍的//vt.三倍与//vi.增至三倍"
trivial,[5triviEl],"adj.琐细的, 价值不高的, 微不足道的"
tuck,[tQk],"n.缝摺, 活力, 鼓声, 船尾突出部下方, 食物(尤指点心、蛋糕)//vt.打摺, 卷起, 挤进, 塞, 使隐藏//vi.折成摺子, 缩拢"
tug,[tQg],"v.用力拖, 吃力地搬运, 苦干, 用拖轮拖, 拖拉//n.拖, 苦干, 拖船, (牵引用的)绳索"
tuition,[tju:5iFEn],n.学费
tumble,[5tQmbl],"n.跌倒, 摔跤, 翻斤斗//vi.翻倒, 摔倒, 倒塌, 滚动, 翻筋斗, 仓惶地行动//vt.使摔倒, 使滚翻, 弄乱"
turbulent,[5tE:bjulEnt],"adj.狂暴的, 吵闹的"
turnover,[5tE:n7EuvE],"n.翻覆, 翻折, 半圆卷饼, 流通量, 营业额, 周转//adj.有一部分翻转的, 可翻转的"
tutor,[5tju:tE],"n.家庭教师, (大学)指导教师, 助教, 监护人, 辅导教师//v.辅导"
ultraviolet,[5QltrE5vaiElit],"adj.紫外线的, 紫外的//n.紫外线辐射"
unanimous,[ju(:)5nAnimEs],"adj.意见一致的, 无异议的"
underestimate,[5QndEr5estimeit],"vt.低估, 看轻//n.低估"
underlying,[5QndE5laiiN],"adj.在下面的, 根本的, 潜在的, [商]优先的"
undermine,[7QndE5main],v.破坏
unemployment,[5Qnim5plCimEnt],"n.失业, 失业人数"
unfold,[Qn5fEuld],"vt.打开, 显露, 开展, 阐明//vi.伸展, 开花, 呈现//vt.放(羊)出栏"
unify,[5ju:nifai],"vt.统一, 使成一体"
update,[Qp5deit],"v.使现代化, 修正, 校正, 更新//n.现代化, 更新"
upgrade,[5Qpgreid],"n.升级, 上升, 上坡//adv.往上//vt.使升级, 提升, 改良品种"
uphold,[Qp5hEuld],"vt.支持, 赞成"
validity,[vE5liditi],"n.有效性, 合法性, 正确性"
valve,[vAlv],"n.阀, [英] 电子管, 真空管"
vegetation,[7vedVi5teiFEn],"n.[植]植被, (总称)植物、草木, (植物的)生长、呆板单调的生活"
veil,[veil],"n.面纱, 面罩, 帐, 幕, 掩饰物, 遮蔽物, 口实, 假托//vt.戴面纱, 隐藏, 遮蔽, 掩饰//vi.蒙上面纱"
vein,[vein],"n.血管, 静脉, 叶脉, 翅脉, 矿脉, 纹理, 性情, 心绪//vt.使成脉络, 象脉络般分布于"
vent,[vent],"n.通风孔, 出烟孔, 出口, (感情等的)发泄//v.放出, 排出, 发泄"
ventilate,[5ventileit],"vt.使通风, 给...装通风设备"
verbal,[5vE:bEl],adj.口头的
verdict,[5vE:dikt],"n.[律](陪审团的)裁决, 判决, 判断, 定论, 结论"
verge,[vE:dV],v.濒临//n.边缘
versatile,[5vE:sEtail],"adj.通用的, 万能的, 多才多艺的, 多面手的"
verse,[vE:s],"n.韵文, 诗, 诗节, 诗句, 诗篇"
versus,[5vE:sEs],"prep.对(指诉讼,比赛等中), 与...相对"
veto,[5vi:tEu],"n.否决, 禁止, 否决权//vt.否决, 禁止"
vicinity,[vi5siniti],"n.邻近, 附近, 接近"
vicious,[5viFEs],"adj.恶的, 不道德的, 恶意的, 刻毒的, 堕落的, 品性不端的, 有错误的"
violate,[5vaiEleit],"vt.违犯, 亵渎(圣物), 冒犯, 干扰, 违反, 妨碍, 侵犯, 强暴"
virgin,[5vE:dVin],"n.处女, (晚近用法)处男//adj.处女的, 童贞的, 纯洁的, 洁白无瑕疵的, 未被玷污的, 原始的, 处于原耒状态的, 未采伐过的森林//美国著名游戏软件公司"
virtual,[5vE:tjuEl; -tFuEl],"adj.虚的, 实质的, [物]有效的, 事实上的"
virus,[5vaiErEs],"n.[微]病毒, 滤过性微生物, 毒害, 恶毒"
visualize,[5vizjuElaiz; 5viV-],"vt.形象, 形象化, 想象//vi.显现"
vocal,[5vEukl],"adj.发嗓音的, 声音的, 有声的, 歌唱的//n.元音, 声乐作品"
vocational,[vEu5keiFEnEl],adj.职业的
void,[vCid],"n.空间, 空旷, 空虚, 怅惘//adj.空的, 无人的, 空闲的, 无效的, 无用的, 没有的"
volunteer,[vClEn5tiE(r)副?adj.志愿的; 义务的; 无偿的v.自愿],"n.志愿者, 志愿兵//adj.志愿的, 义务的, 无偿的//v.自愿"
vulgar,[5vQlgE(r); 庸俗的; 普通的; 通俗的; 本土的n.<古>平民; 百姓],"adj.粗俗的, 庸俗的, 普通的, 通俗的, 本土的//n.<古>平民, 百姓"
vulnerable,[5vQlnErEb(E)l],"adj.易受攻击的, 易受...的攻击"
wallet,[5wClit],"n.皮夹, 钱夹, 钓鱼带"
ward,[wC:d],"n.守卫, 保卫, 保护, 牢房, 病房, 行政区, 监护, 锁孔//vt.守护, 保卫, 防止, 挡住, 躲开, 避免"
warehouse,[5wZEhaus],"n.仓库, 货栈, 大商店//vt.贮入仓库, <俚>[经]以他人名义购进(股票)"
warfare,[5wC:fZE],"n.战争, 作战, 冲突, 竞争"
warrant,[5wCrEnt],"n.授权, 正当理由, 根据, 证明, 凭证, 委任状, 批准, 许可证//vt.保证, 辩解, 担保, 批准, 使有正当理由"
watertight,[5wC:tEtait],"adj.不漏水的, 水密的"
watt,[wCt],"n.瓦特(1736-1819,英国工程师,发明家)碛"
weary,[5wiEri],"adj.疲倦的, 厌倦的, 令人厌烦的, 疲劳//v.疲倦, 厌倦, 厌烦"
web,[web],"n.网, 蛛丝, 蹼, 翼手, 织物, 圈套, 卷筒纸//vi.使陷入罗网, 形成网//vt.织蜘蛛网于, 使落入圈套//环球网"
wedge,[wedV],"n.楔//vt.楔入, 楔进"
whereas,[(h)wZEr5Az],"conj.然而, 反之, 鉴于, 尽管, 但是"
whereby,[(h)wZE5bai],"adv.凭什么, 为何"
whirl,[(h)wE:l],"v.(使)旋转, 急动, 急走//n.旋转, —连串快速的活动"
withhold,[wiT5hEuld],"vt.使停止, 拒给, 保留, 抑制//vi.忍住"
wrench,[rentF],"n.扳钳, 扳手, 猛扭, 痛苦, 扭伤, 歪曲//vt.猛扭, 使扭伤, 曲解, 抢, 折磨//vi.猛扭, 绞痛"
wretched,[5retFid],"adj.可怜的, 悲惨的, 肮脏的, 恶劣的"
wrinkle,[5riNkl],n.皱纹//v.使皱
yacht,[jCt],"n.游艇, 快艇, 轻舟//vi.驾游艇, 乘游艇"
yell,[jel],"vi.大叫, 忍不住笑, 呼喊//vt.叫着说//n.叫声, 喊声"
yoke,[jEuk],"n.轭, 轭状物, 套, 束缚, 支配//v.把...套上轭, 结合, 连接"
youngster,[5jQNstE],"n.年青人, 少年"
zinc,[ziNk],n.锌//vt.涂锌于
