Alabama,[7AlE5bAmE],n.阿拉巴马州(美国的一个州)激发
Albert Einstein,[5AlbEt5ainstain],艾伯特·爱因斯坦
Alexander Bell,[7Alig5zB:ndE],亚历山大·贝尔
Antarctica,[Ant5B:ktikE],n.南极洲
Atlanta,[Et5lAntE],亚特兰大[美国佐治亚州首府]
Atlantic,[Et5lAntik],n.大西洋//adj.大西洋的
Bastille,[bAs5ti:l],n.巴士底狱
Beethoven,[5beitEuvEn],"n.贝多芬(1770-1827,德国大作曲家)"
Birmingham,[5bE:miNE m],"n.伯明翰(城市名,有二,其一在美国阿拉巴马州中北部,另一在英格兰中部) 冲锋, 收费"
Bonn,[bCn],"n.波恩(原西德首都,位于莱茵河畔)示"
Cambridge,[5keimbridV],"n.剑桥(英国城市, 剑桥大学所在地)翻, 激发"
Charles Darnay,[5tFB:lz5dB:ni],查尔士·达尼(人名)
Civil Rights Act,[],民权法案
Defarge,[dE5fB:V],德法奇(姓)
Dr Watson,[5wCtsn],华生医生
Frankfort,[5frANkfEt],"(=Frankfort on the Main 或[德]Frankfurt am Main)法兰克福(莱因河畔的西德城市)?vi.追踪, 留下足迹, 走"
Georgia,[5dVC:dVjE],"n.乔治亚州(在美国南部,首府在Atlanta), 乔治亚苏维埃社会主义共和国(位于前苏联高加索南部), 冲锋, 收"
Hank Stram,[5hANk5strAm],汉克·斯特拉坶(人名)
Hitler,[5hitlE],"n.希特勒(纳粹德国独裁者,1889-1945)? 标准, 控制"
Jew,[dVu:],"n.犹太人, 犹太教徒"
Jordan,[5dVC:dn],"n.约旦(位于西南亚的国家), 约旦河"
Kennedy,[5kenidi],n.肯尼迪
Lucie Manette,[5lu:si mE5net],露西·曼奈特(人名)
Max,[mAks],n. 马克斯（男子名）
Philadelphia,[7filE5delfjE],n.费城(美国宾西法尼亚州东南部港市)喜
Rosa Parks,[5rEuzE5pB:ks],罗莎·帕克斯(女名)
Sherlock Holmes,[],n.福尔摩斯[名侦探]
Sputnik,[5spQtnik],n.前苏联人造地球卫星
St.Evremonde,[snt evE5mCnd],圣·埃弗蒙德(人名)
Stephen Hawking,[5sti:vn5hC:kiN],斯蒂芬·霍金
Swiss,[swis],"n.瑞士人//adj.瑞士的, 瑞士人的"
Sydney Carton,[5sidni5kB:tEn],n.悉尼·卡尔顿(人名)
Tina,[5ti:nE],n. 蒂娜（女子名）
Voting Rights Bill,[],选举权法案
absence,[5AbsEns],"n.不在, 缺席, 缺乏, 没有"
achieve,[E5tFi:v],"vt.完成, 达到"
act,[Akt],"n.幕, 法案, 法令, 动作, 举动, 节目, (戏剧的)幕//vi.行动, 产生...的效果, 担当, 表演, 假装, 表现, 见效//vt.扮演, 装作"
admit,[Ed5mit],"v.容许, 承认, 接纳"
advance,[Ed5vB:ns],"n.前进, 提升, 预付款//v.前进, 提前, 预付//adj.前面的, 预先的//预付(款项), 裁决//vi.统治, 管辖, 裁定//n.规则, 水线"
advanced,[Ed5vB:nst],"adj.高级的, 年老的, 先进的"
affair,[E5fZE],"n.事务, 事件, 私事, 恋爱事件, (尤指关系不长久的)风流韵事"
again and again,[],"adv.再三地, 反复地"
all the best,[],"[口]万事吉利// 一路平安// 一帆风顺(祝酒或送行时用语).向...献殷勤,"
announce,[E5nauns],"vt.宣布, 通告"
announcement,[E5naunsmEnt],"n.宣告, 发表, 一项公告, 一项私人告示"
armchair,[5B:mtFZE],n.扶手椅子
arrival,[E5raivEl],"n.到来, 到达, 到达者"
as a matter of fact,[],adv.事实上
as though (=as if),[],好像；仿佛
at a time,[],"adv.每次, 在某时"
at the latest,[],adv.最迟
attempt,[E5tempt],"n.努力, 尝试, 企图//vt.尝试, 企图"
attend,[E5tend],"vt.出席, 参加, 照顾, 护理, 注意//vi.专心, 留意"
attitude,[5Atitju:d],"n.姿势, 态度, 看法, 意见"
balloon,[bE5lu:n],n.气球
bargain,[5bB:gin],"n.契约, 合同, 成交商品, 便宜货//v.议价"
bastille,[bA`sti:l],"n.城堡, 监狱"
bathe,[beiT],"v.沐浴, 洗, (光线)充满//n.洗澡"
bathroom,[5bB:Wru:m],"n.浴室, 盥洗室"
be familiar with,[],v.熟悉
beach,[bi:tF],n.海滩
beg,[beg],"v.请求, 乞求"
beg one's pardon,[],请原谅
belief,[bi5li:f],"n.信任, 信心, 信仰"
bent,[bent],"n.倾向, 爱好"
best-seller,[5best-5selE],n.畅销书
bill,[bil],"n.帐单, 钞票, 票据, 清单, 议案, 法案, 广告//vt.用海报宣传, 把...列成表, 给...开帐单"
blind,[blaind],"adj.瞎的, 盲目的//vt.使失明, 缺乏眼光或判断力"
blow,[blEu],"n.殴打, 突然的打击//v.风吹, 吹气于, 叫, 喘气"
bomb,[bCm],"n.炸弹//vt.投弹于, 轰炸"
book,[buk],"n.书, 书籍, 卷, 篇, 帐簿, 名册, 工作簿//v.登记, 预订, 控告"
bookmark,[5bukmB:k],n.书签
brain,[brein],"n.脑, 头脑"
brake,[breik],"n.闸, 刹车//v.刹车"
brave,[breiv],adj.勇敢的
broad,[brC:d],"adj.宽的, 阔的, 广泛的, 明朗的, 露骨的, 显著的, 主要的//adv.宽阔地//n.宽阔部分"
brotherhood,[5brQTEhud],"n.手足情谊, 兄弟关系"
burn...to the ground,[],把…烧光(烧成平地)
by accident,[],adv.偶然
camera,[5kAmErE],n.照相机
can,[kAn; kEn],"vt.装进罐中, 把食品装罐//n.罐头, 铁罐//conj.能, 可以"
cap,[kAp],"n.帽子, 军帽, (瓶)帽, (笔)帽//vt.戴帽子, 盖在...顶上"
captain,[5kAptin],"n.队长, 首领, 船长, 机长, (空军, 海军)上校, (陆军)上尉//v.指挥, 统帅"
carol,[5kArEl],"n.欢乐的歌, 颂歌, (尤指)圣诞节颂歌//v.歌颂, 欢唱"
carriage,[5kAridV],"n.马车, 客车, 运费, 姿态, （机械）车架"
carry out,[],"v.完成, 实现, 贯彻, 执行"
cart,[kB:t],"n.大车, 手推车//vt.用车装载"
central,[sen5trB:l],"adj.中心的, 中央的, 重要的, 主要的, 中枢的, 走中间道路的//n.<美>电话总机"
chain,[tFein],"n.链(条),镣铐, 一连串, 一系列//vt.用链条拴住"
chairman,[5tFZEmEn],"n.主席, 会长"
charge,[tFB:dV],"n.负荷, 电荷, 费用, 主管, 掌管, 充电, 充气, 装料//v.装满, 控诉, 责令, 告诫, 指示, 加罪于, 冲锋, 收费"
chat,[tFAt],v.聊天//n.聊天
chemist,[5kemist],"n.化学家, 药剂师"
cheque,[tFek],n.支票
chest,[tFest],"n.胸腔, 胸膛, 箱, 柜"
childhood,[5tFaildhud],n.孩童时期
chime,[tFaim],"n.一套发谐音的钟(尤指教堂内的), 和谐//vi.鸣, 打, 和谐//vt.敲出和谐的声音, 打钟报时"
cigar,[si5gB:],n.雪茄
circle,[5sE:kl],"n.圆周, 圆形物, 派系, 循环//v.围, 环绕//盘旋"
citizen,[5sitizn],"n.市民, 公民"
clerk,[klB:k; klE:k],"n.职员, 办事员, <美> 店员"
clinic,[5klinik],"n.门诊部, 临床"
come true,[],"v.实现, 达到"
come up,[],"v.走近, 上来, 发芽, 流行, 发生, 被提出//上升,讨论,出现"
communist,[5kCmjunist],"n.共产主义者, 共产党员adj.共产主义者的"
conduct,[5kCndQkt; -dEkt],"n.行为, 操行//v.引导, 管理, 为人, 传导"
conductor,[kEn5dQktE],"n.领导者, 经理, 指挥管弦乐队、合唱队的, (市内有轨电车或公共汽车)售票员, <美>列车长"
congratulate,[kEn5grAtjuleit],"vt.祝贺, 庆贺, 恭喜"
congratulate...on...,[],祝贺
connect,[kE5nekt],"v.连接, 联合, 关连"
connect to,[],连接；相连
connect with,[],"v.连接, 联络//将...连起来"
construction,[kEn5strQkFEn],"n.建筑, 建筑物, 解释, 造句"
content,[kEn5tent],"n.内容, 容量, 目录, 满足//adj.满足的, 满意的, 愿意//vt.使满足"
convenient,[kEn5vi:njEnt],"adj.便利的, 方便的"
conversation,[7kCnvE5seiFEn],"n.会话, 交谈"
coral,[5kCrEl],"n.珊瑚, 珊瑚虫"
cordless,[5kC:dlis],n.不用电线的
couple,[5kQpl],"n.(一)对, (一)双, 夫妇//vt.连合, 连接, 结合//vi.结合, 结婚"
course,[kC:s],"n.过程, 经过, 进程, 方针, 路线, 跑道, 课程, 一道菜//v.追猎, 急行, 运行, 流动//学业"
court,[kC:t],"n.法院, 庭院, 朝廷, 宫庭, 球场, 奉承, 求爱, 殷勤//vt.向...献殷勤, 追求, 设法获得(他人的支持等), 博得(喝彩), 招致(失败、危险等)//vi.求爱"
cruel,[5kruEl],"adj.残酷的, 悲惨的, 使痛苦的"
cubic,[5kju:bik],"adj.立方体的, 立方的"
cubic metre,[],立方米
cycle,[5saikl],"n.周期, 循环, 自行车, 一段时间, 整套, (电学)周波//vi.循环, 轮转, 骑自行车//vt.使循环, 使轮转"
cyclist,[5saiklist],n.骑脚踏车的人
dare,[dZE],"n.挑战//vi.敢, 胆敢//vt.敢冒, 不惧"
darkness,[5dB:knis],"n.黑暗, 漆黑"
deaf,[def],adj.聋的
declare,[di5klZE],"vt.断言, 宣称, 宣布, 宣告, 声明, (向海关)中报进口应纳税之货物"
deed,[di:d],"n.行为, 事实, 功绩, 实行, 契约//vt.立契转让(旧产等)vt.给...以大"
delay,[di5lei],"v.耽搁, 延迟, 延期, 迟滞//n.耽搁, 延迟, 迟滞"
demand,[di5mB:nd],"n.要求, 需求(量), 需要//v.要求, 需要, 要求知道, 查询"
depth,[depW],"n.深, 深度, 深奥, 深刻"
detective,[di5tektiv],n.侦探//adj.侦探的
determine,[di5tE:min],"v.决定, 确定, 测定, 使下定决心, [律]使终止"
dial,[5daiEl],"n.刻度盘, 钟面, 转盘, (自动电话)拨号盘//v.拨"
direction,[di5rekFEn; dai5rekFEn],"n.方向, 指导, 趋势, (常用复数)指示, 用法, 说明(书), 收件人地址"
directory,[di5rektEri],"n.姓名地址录, 目录"
disability,[7disE5biliti],"n.无力, 无能, 残疾//n.[律] 无能力, 无资格"
disabled,[dis5eib(E)ld],adj.伤残的//v.丧失能力
discovery,[dis5kQvEri],"n.发现, 发明的东西"
distant,[5distEnt],"adj.远的, 关系远的(亲戚), 疏远的, 间隔的, 冷漠的"
district,[5distrikt],"n.区域, 地方, 管区, 行政区, (美国各州的)众议院选区"
disturb,[dis5tE:b],"vt.弄乱, 打乱, 打扰, 扰乱//v.扰乱"
dive,[daiv],"vi.潜水, 跳水, 下潜, 俯冲//n.潜水, 跳水, 下潜, 俯冲"
do a good deed,[],做件好事
do well,[],"v.做得好, 进展好"
do wrong,[],v.作恶
doubt,[daut],"n.怀疑, 疑惑, 疑问//v.怀疑, 不信, 拿不准, <古>恐怕"
dozen,[5dQzn],"n.一打, 十二个"
dozens of,[],许多的
dream,[dri:m],"v.做梦, 梦见, 梦想, 想到//n.梦, 梦想"
dream of,[],梦见...
drier,[5draiE],"n.干燥机, 干燥剂"
drown,[draun],"v.溺死, 淹死//vt.淹没"
drum,[drQm],"n.鼓, 鼓声, 鼓形圆桶, [解]鼓膜, 鼓室//vi.击鼓, 作鼓声//vt.打鼓奏"
due,[dju:],"n.应得物、权力, [复]应付款//adj.应得的, 应付的, 正当的, 预期的, (车、船预定)应到的"
dust,[dQst],"n.灰尘, 尘土, 尘埃//vt.掸掉...上的灰尘, 撒糖于糕上"
dusty,[5dQsti],"adj.满是灰尘的, 积满灰尘的, 粉末状的, 含糊的"
e.g.=for example,[],例如
eager,[5i:gE],"adj.热心于, 渴望着"
earn one's living,[],谋生
educate,[5edju(:)keit],"vt.教育, 训练, 培养//v.教育"
education,[7edju(:)5keiFEn],"n.教育, 训导, 训练, 培养, 教育学"
end up,[],"v.竖着, 结束, 死"
enter,[5entE],"vt.进入, 加入, 参加, 登录, 开始//vi.进去, [戏]登场, 参加//n.输入, [计]回车"
equally,[5i:kwEli],"adv.相等地, 平等地, 公平地"
even though,[],adv.即使
excellent,[5eksElEnt],"adj.卓越的, 极好的"
exhibition,[7eksi5biFEn],"n.表现, 展览会, 展览品, 显示"
explode,[iks5plEud],"vt.使爆炸//vi.爆炸, 爆发, 破除, 推翻, 激发"
extremely,[iks5tri:mli],"adv.极端地, 非常地"
fade,[feid],"vi.(声音等)减弱下去, 褪色, 消失, 枯萎, 凋谢//vt.使褪色//n.淡入, 淡出//adj.乏味的, 平淡的"
fairly,[5fZEli],"adv.公正地, 正当的, 公平对待某人, 公平地, 相当地, 还算, 清楚地"
fall in love with,[],v.爱上
familiar,[fE5miljE],"adj.熟悉的, 常见的, 听惯的, 亲近的, 随便的//n.密友, 熟客, 常客"
fasten,[5fB:sn],"vt.扎牢, 扣住, 闩住, 拴紧, 使固定, 系, 集中于, 强加于//vi.扣紧, 抓住"
fax,[fAks],n.vt.传真
feeling,[5fi:liN],"n.触觉, 知觉, 感觉, 情绪, 同情//adj.富于感情的, 富于同情心的, 衷心的, 有同情心的, 有感觉的, 仁慈的"
flag,[flAg],"n.旗, 标记//v.标记"
flaming,[5fleimiN],"adj.燃烧的, 热烈的, 色彩鲜明的, 熊熊的, 灼热的, 火红的, 惊人的"
float,[flEut],"n.漂流物, 浮舟, 漂浮, 浮萍, 彩车//vi.浮动, 飘浮, 散播, 摇摆, 漂浮, 动摇(计划等)付诸实行//vt.使漂浮, 容纳, 淹没, 发行, 实行, 用水注满"
fly,[flai],"n.苍蝇, 两翼昆虫, 飞行//vi.飞翔, 飘扬, 溃逃//vt.飞越, 使飘扬, 逃脱//adj.机敏的, 敏捷的"
fold,[fEuld],"n.折, 羊栏, 折痕, 信徒//vt.折叠, 包, 合拢, 抱住, 笼罩, 调入, 交迭//vi.折叠起来, 彻底失败"
folk,[fEuk],"n.人们, 亲属(复数), 民族//adj.民间的"
forbid,[fE5bid],"vt.禁止, 不许//v.禁止"
forgive,[fE5giv],"vt.原谅, 饶恕, 宽免(某人)之债务"
former,[5fC:mE],"adj.从前的, 以前的//n.形成者, 创造者, 模型, 样板"
fortune,[5fC:tFEn],"n.财富, 运气, 大量财产, 好运, 命运//vt.<古>偶然发生//vt.给...以大宗财富"
forward,[5fC:wEd],"adj.早的, 迅速的, 前进的//vt.转寄, 促进, 运送//adv.向前地, 向将来//n.[体](足球等)前锋"
fox,[fC:ks],"n.狐狸, 狐皮, 狡猾的人//vi.奸狡地行动, 变酸//vt.使变酸, 使生黄斑"
free of charge,[],n.免费
frequent,[5fri:kwEnt],"adj.时常发生的, 频繁的"
frequently,[5fri:kwEntli],"adv.常常, 频繁地//n.经常地"
fuel,[fjuEl],"n.燃料//vt.加燃料, 供以燃料//vi.得到燃料"
furniture,[5fE:nitFE],"n.家具, 设备, 储藏物"
further education,[],进修
gay,[gei],"adj.欢迎的, <美俚>同性恋的, 放荡的, 快乐的//n.<美俚> 同性恋者, 尤指男性同性者"
generation,[7dVenE5reiFEn],"n.产生, 发生, 一代, 一代人"
get in touch with,[],和...取得联系
get married,[],结婚
get together,[],"v.聚集, 收集, 积累"
give in,[],"v.投降, 屈服, 让步, 交上, 宣布"
glasshouse,[5glB:shaus],"n.暖房, 玻璃厂"
globe,[glEub],"n.球体, 地球仪, 地球, 世界"
go on with,[],继续
goods,[gudz],"n.货物, <美俚>工具"
gun,[gQn],"n.炮, 枪, <美>手枪, 油门//vi.用枪射击, 用枪打猎, 加大油门快速前进//vt.向...开枪, 开大(引擎、汽车)的油门"
haircut,[5heEkQt],"n.理发, 剪发的方式"
hall,[hC:l],"n.会堂, 礼堂, 大厅, 走廊, 门厅"
hammer,[5hAmE],"n.铁锤, 槌, 锤子//v.锤击, 锤打"
handle,[5hAndl],"n.柄, 把手, 把柄, 口实, 手感//vt.触摸, 运用, 买卖, 处理, 操作//vi.搬运, 易于操纵//n.[计]句柄"
have a seat,[],坐下
have a test,[],参加测试
have a word with,[],与...商谈
have...on,[],有事；有约会
hearing,[5hiEriN],"n.听力, 听觉, 听取意见, 听讼//v.倾听"
height,[hait],"n.高度, 海拔, 高地(常用复数), 顶点"
help...out,[],帮助某人解决困难
hero,[5hiErEu],"n.英雄, 男主角, 男主人公"
hire,[5haiE],"n.租金, 工钱, 租用, 雇用//vt.雇请, 出租//vi.受雇"
hopefully,[5hEupfuli],"adv.有希望地,有前途地"
housing,[5hauziN],"n.供给住宅, 住宅群, 机架, 住房供给"
huge,[hju:dV],"adj.巨大的, 极大的, 无限的"
human right,[],人权
in common,[],adv.共有
in need of,[],需要
in order that,[],为了
in other words,[],adv.换句话说
in peace,[],安祥地
in praise of,[],adv.为赞扬
in public,[],"adv.当众, 公开地, 公然地"
in silence,[],adv.沉默着
in space,[],"片刻就, 一会儿就"
income,[5inkEm],"n.收入, 收益, 进款, 所得"
industry,[5indEstri],"n.工业, 产业, 行业, 勤奋"
insist on,[],"v.坚持, 坚决要求"
instrument,[5instrumEnt],"n.工具, 手段, 器械, 器具, 手段"
interrupt,[7intE5rQpt],"vt.打断(正在说话或动作的人), 中断, 妨碍, 插嘴//vi.打断(别人的讲话或行动)//n.(发给电脑的)中断信号"
iron,[5aiEn],"n.铁, 熨斗, 坚强, 烙铁, 镣铐//vt.烫平, 熨, 用铁装备//vi.烫衣服"
ironing board,[],n.烫衣板
jazz,[dVAz],"n.(20世纪产生于美国的一种舞曲性音乐)爵士乐, 喧闹//adj.爵士乐的, 喧吵的, 颜色过于艳丽的//vi.奏爵士乐, 跳爵士舞, 游荡//vt.奏爵士乐, 使活泼"
join in,[],"v.参加,加入"
keep fit,[],保持健康
kg=kilogram(me),[5kilEgrAm],n.公斤；千克
labo(u)r,[5leibE],n.劳动
lack,[lAk],"n.缺乏, 短缺的东西//vt.缺乏, 没有, 需要//vi.缺乏, 没有"
lately,[5leitli],"adv.近来, 最近"
lay the table,[],摆饭桌// 摆餐具
lead to,[],"v.导致, 通向"
leading,[5li:diN],"adj.领导的, 第一位的, 最主要的"
learn...by heart,[],记住；背诵
length,[l eNW],"n.长度, 长, 时间的长短, [语]音长"
let...in,[],让…进来；放进
liberate,[5libEreit],"v.解放, 释放"
liberation,[7libE5reiFEn],"n.释放, 解放"
living room,[],"n.客厅, 起居室"
load,[lEud],"n.负荷, 重担, 装载量, 工作量, 负载, 加载//vt.装载, 装填, 使担负//vi.装货, 装弹药，装料"
long before,[],很早以前
look forward to,[],"期望//期待,盼望"
low-lying,[],"adj.低的, 低地的"
mad,[mAd],"adj.疯狂的, 愚蠢的, 狂欢的, 非常激动的, 狂热的, 着迷的//n.狂怒"
majority,[mE5dVCriti],"n.多数, 大半//n.[律] 成年"
make a speech,[],发表演讲
make sure of,[],确保；确定
make up one's mind,[],"v.下决心, 接受, 承认//决定"
march,[mB:tF],"n.行军, 步伐, 进行曲//vi.进军, 前进//vt.使行军, 使行进//n.(March)三月(略作Mar)甘? 加罪于, 冲锋, 收费"
marquis,[5mB:kwis],n.(英国等的)侯爵
marriage,[5mAridV],"n.结婚, 婚姻, 婚姻生活, 密切结合, 合并"
marry,[5mAri],"vt.娶, 嫁, 和...结婚"
mathematics,[7mAWi5mAtiks],n.数学
matter,[5mAtE],"n.事件, 问题, 物质, 内容, 实质, 原因, (印刷或书写的)文件, (文章或讲话等的)素材//vi.有关系, 要紧"
meanwhile,[5mi:nwail; (?@) 5minhwail],"(=meantime) n.其间, 其时//adv.其间"
memory,[5memEri],"n.记忆, 记忆力, 回忆, 存储(器), 存储器//存储器,内存"
mental,[5mentl],"adj.精神的, 智力的"
mentally,[5mentEli],"adv.精神上, 智力上, 在内心"
mention,[5menFEn],"vt.提及, 说起//n.提及, 说起//v.论及, 提及"
merely,[5miEli],"adv.仅仅, 只, 不过"
metallic,[mi 5tAlik],adj.金属(性)的
mineral,[5minErEl],"n.矿物, 矿石"
minister,[5ministE],"n.部长, 大臣"
minority,[mai5nCriti; mi-],"n.少数, 少数民族"
mm=millimetre,[5mili7mi:tE],n.毫米
mobile,[5mEubail],"adj.可移动的, 易变的, 机动的//n.运动物体"
model,[5mCdl],"n.样式, 型, 模范, 典型, 模型, 原型, 模特儿//vt.模仿//v.模拟"
monsieur,[mE5sjE:],"n.先生, 绅士"
murder,[5mE:dE],"n.谋杀, 凶杀//vt.谋杀, 凶杀//v.谋杀"
musical,[5mju:zikEl],"adj.音乐的, 悦耳的//音乐喜剧"
musician,[mju:5ziFEn],n.音乐家
nail,[neil],"n.指甲, 钉, 钉子//vt.钉, 将...钉牢"
national,[5nAFEnEl],"adj.国家的, 国立[有]的, 民族的"
nationwide,[`neiFEnwaid],adj.全国性的
navy,[5neivi],n.海军
need,[ni:d],"n.需要, 必需, 必需品, 要求, 贫困//vt.需要//modal v.必要, 必须"
needle,[5ni:dl],n.针
nephew,[5nevju(:); 5nefju(:)],"n.侄子, 外甥"
nervous,[5nE:vEs],"adj.神经紧张的, 不安的, 强健有力的"
niece,[ni:s],"n.侄女, 甥女"
noble,[5nEubl],"adj.高尚的, 贵族的, 高贵的//n.贵族"
note,[nEut],"n.笔记, 短信, (外交)照会, 注解, 注释, 票据, 纸币, 音符//vt.注意, 记录, 笔记"
nowadays,[5nauEdeiz],"adv.现今, 现在"
object,[5CbdVikt],"n.物体, 目标, 宾语, 对象//vi.反对, 拒绝, 抗议//vt.提出...来反对"
occur,[E5kE:],"vi.发生, 出现"
on average,[],平均起来
on one's own,[],"adv.独自地, 独立地, 主动地"
orbit,[5C:bit],"n.轨道, 势力范围, 生活常规, 眼眶//vt.绕...轨道而行//vi.进入轨道, 沿轨道飞行, 盘旋"
organization,[7C:gEnai5zeiFEn],"n.组织, 机构, 团体"
otherwise,[5QTEwaiz],"adv.另外, 否则, 不同地, 别的方式//adj.另外的, 其他方面的"
out of work,[],失业
outer,[5autE],"adj.外部的, 外面的, 远离中心的//n.(射击)环外命中"
over and over again,[],adv.一再地
owe,[Eu],"vt.欠(债等), 受到...的思想, 感激, 把...归功于//v.欠,应感激,应该把…归功于(to)//vi.欠钱"
painter,[5peintE],"n.画家, 油漆匠"
painting,[5peintiN],"n.上油漆, 着色, 绘画, 油画//v.描绘"
panel,[5pAnl],"n.面板, 嵌板, 仪表板, 座谈小组, 全体陪审员//vt.嵌镶板"
paperwork,[5peipEwE:k],n.文书工作
part,[pB:t],"n.部分, 局部, 零件, 角色//vt.分开, 分离, 分配//vi.分开, 断裂, 分手//adv.部分地, 有几分//adj.部分的, 局部的"
partly,[5pB:tli],"adv.部分, 几分"
passage,[5pAsidV],"n.通过, 经过, 通道, 通路, (一)段, (一)节"
passer-by,[5pB:sE5bai],n.过路人；经过者
passport,[5pB:spC:t],n.护照
pattern,[5pAtEn],"n.模范, 式样, 模式, 样品, 格调, 图案//vt.模仿, 仿造, 以图案装饰//vi.形成图案"
pay...a visit,[],访问…
peace,[pi:s],"n.和平, 和睦, 安宁, 静寂//vi.安静下来"
peaceful,[5pi:sful],"adj.和平的, 平静的, 安宁的, 爱好和平的"
peacefully,[5pi:sfuli],adv.平静地；和平地
perform,[pE5fC:m],"vt.履行, 执行, 表演, 演出//v.完成任务"
permit,[pE(:)5mit],"n.通行证, 许可证, 执照//v.许可, 允许, 准许"
personal,[5pE:sEnl],"adj.私人的, 个人的, 亲自的, 容貌的, 身体的, 人身的, 针对个人的//adj.[语法]人称的"
personally,[5pE:sEnEli],adv.亲自
pet,[pet],"n.宠物, 受宠爱的人, 不悦//adj.宠爱的, 亲昵的//vt.宠爱//vi.拥抱, 爱抚, 生气, 发脾气"
pillow,[5pilEu],"n.枕头, 枕垫"
pilot,[5pailEt],"n.飞行员, 领航员, 引水员//vt.驾驶(飞机等), 领航, 引水//v.驾驶"
pin,[pin],"n.钉, 销, 栓, 大头针, 别针, 腿//vt.钉住, 别住, 阻止, 扣牢, 止住, 牵制"
platform,[5plAtfC:m],"n.(车站)月台, 讲台, 讲坛//平台"
play a trick on,[],捉弄…
pole,[pEul],"n.棒, 柱, 杆, 竿, 极, 磁极, 电极//vt.用竿支撑, 用棒推//vi.撑篙"
position,[pE5ziFEn],"n.位置, 职位, 立场, 形势, 阵地//vt.安置, 决定...的位置"
possession,[pE5zeFEn],"n.拥有, 占有, 所有, 着迷, 领土, 领地, 财产(常用复数), 自制"
possibility,[7pCsi5biliti],"n.可能性, 可能发生的事物"
practical,[5prAktikEl],"adj.实际的, 实践的, 实用的, 应用的, 有实际经验的"
prevent,[pri5vent],"v.防止, 预防"
prevent...from,[],妨碍；防止；预防
prison,[5prizn],n.监狱
prisoner,[5priznE],adj.囚犯的//n.战俘
probable,[5prCbEbl],"adj.很可能的, 大概的"
professor,[prE5fesE],"n.教授, 公开表示信仰的人"
prove,[pru:v],"vt.证明, 证实, 检验, 考验//vi.原来(是), 证明(是)地, 在右边"
pull,[pul],"v.拉, 拖, 拔//n.拉, 拖, 拉力, 牵引力"
put...in prison,[],把…投进监狱
quarrel,[5kwCrEl],"n.吵架, 反目, 怨言, 争吵的原因//vi.吵架, 争论, 挑剔"
question,[5kwestFEn],"n.问题, 疑问, 询问//v.询问, 审问, 怀疑"
ray,[rei],"n.光线, 闪烁, 微量//vi.射出光线, 浮现, 放射光线//vt.放射, 显出"
recover,[ri5kQvE],"vt.重新获得, 恢复, 使改过//vi.痊愈, 复原, 胜诉//n.DOS命令：从含有损坏磁盘扇区的磁盘上恢复文件"
redirect,[5ri:di5rekt],"vt.(信件)重寄, 使改道, 使改变方向"
redirection,[],"n.(信件)重寄, 改道, 改变方向"
relative,[5relEtiv],"n.亲戚, 关系词, 相关物, 亲缘植物//adj.有关系的, 相对的, 比较而言的"
remind,[ri5maind],"vt.提醒, 使想起"
repay,[ri(:)5pei],"v.偿还, 报答, 报复"
respect,[ris5pekt],"n.尊敬, 敬重, 注意, 考虑, 尊重, 关系, 有关, 敬意//vt.尊敬, 尊重, 不防碍"
revolution,[7revE5lu:FEn],"n.革命, 旋转"
revolutionary,[5revE5lu:FEnEri],adj.革命的
right,[rait],"n.正义, 公正, 正确, 权利, 右边, 右派//adj.正当的, 正确的, 对的, 合适的, 恰当的, 健康的, 健全的, 正面的//adv.正当地, 正确地, 一直地, 直接地, 完全地, 彻底地, 在右边"
rocket,[5rCkit],n.火箭//v.飞速上升
roll,[rEul],"adj.滚动, 滚转, (使)摇摆, (使)摇晃, 卷起, 卷拢//vt.辗, 轧//n.(一)卷, 卷形物, 摇晃, 摆动, 名单"
root,[ru:t],"n.根, 根部, 根本, 根源//v.(使)生根, (使)扎根, 使立定不动, 坚定不移, 确立"
rope,[rEup],"n.绳, 索, 绳索//v.围起"
rude,[ru:d],"adj.粗鲁的, 无礼的, 猛烈的, 残暴的, 粗鲁无礼的"
rule,[ru:l],"n.规则, 惯例, 统治, 章程, 破折号, 准则, 标准, 控制//vt.规定, 统治, 支配, 裁决//vi.统治, 管辖, 裁定//n.规则, 水线"
ruler,[5ru:lE],"n.统治者, 管理者, 尺, 直尺//n.标尺, 划线板, 划线的人"
rush hour,[],高峰时间
sadness,[5sAdnis],"n.悲哀, 悲伤"
sailor,[5seilE],"n.海员, 水手, 不大会晕船的人, 船员"
salty,[5sC:lti],"adj.有盐分的, 咸味浓的"
satisfy,[5sAtisfai],"vt.满足, 使满意, 说服, 使相信//v.满意, 确保"
scientific,[saiEn5tifik],adj.科学的
scream,[skri:m],"v.尖声叫, 尖声喊叫//n.尖叫声, 喊叫声"
screen,[skri:n],"n.屏, 银幕, 筛子, 掩蔽物, 屏风//vt.掩蔽, 包庇, 放映, 拍摄, 筛//vi.拍电影"
seaside,[5si:said],"n.海滨(胜地), 滨海城镇, 海边//adj.海边的, 海滨的"
seaweed,[5si:wi:d],"n.海草, 海藻"
secretary,[5sekrEtri],"n.秘书, 书记, 部长, 大臣"
seize,[si:z],"v.抓住, 逮住, 夺取//vt.没收, 查封"
seldom,[5seldEm],"adv.很少, 不常"
sense,[sens],"n.官能, 感觉, 判断力, 见识, ...感, 意义, 理性//vt.感到, 理解, 认识"
sentence...to death,[],判处…死刑
separation,[sepE5reiFEn],"n.分离, 分开"
servant,[5sE:vEnt],n.仆人
set an example,[],树立榜样
set fire to,[],v.纵火烧
sew,[sju:],"v.缝制, 缝纫, 缝合"
shout at,[],对…大声叫嚷
shy,[Fai],"adj.怕羞的, 畏缩的, 害羞的"
side by side,[],"adv.并排, 并肩"
signal,[5signl],"n.信号//adj.信号的//v.发信号, 用信号通知"
silence,[5sailEns],"n.静, 寂静, 沉默, 静默//vt.使沉默, 使安静//v.压制"
simply,[5simpli],"adv.简单地, 完全, 简直, 仅仅, 只不过, 朴素地, 只是"
single,[5siNgl],"adj.单一的, 单身的, 单纯的, 孤独的, 专一的, 个别的//n.一个, 单打, 单精度型//vt.选出//vi.[棒]作一垒打"
skill,[skil],"n.技能, ,技巧, 熟练, 巧妙"
slightly,[5slaitli],"adv.些微地, 苗条地"
smart,[smB:t],"n.刺痛, 痛苦//adj.巧妙的, 聪明的, 漂亮的, 潇洒的, 刺痛的, 剧烈的, 厉害的, 敏捷的//vi.刺痛, 懊恼//轻快地, 严厉地, 灵巧地, 精确的, 时髦地, 大大的"
snake,[sneik],n.蛇//v.迂回前进
so\as far as,[],(表示程度)就…；尽…
socialist,[5sEuFElist],"n.社会主义者, 社会党党员"
solid,[5sClid],"n.固体, 立体//adj.固体的, 实心的, 坚固的, 结实的, 立体的, 可靠的, 一致的, 纯粹的"
soul,[sEul],"n.灵魂, 心灵, 精神, 精力"
speech,[spi:tF],"n.演说, 讲话//语音"
sperm whale,[],n.抹香鲸
splendid,[5splendid],"adj.壮丽的, 辉煌的, 极好的"
spring,[spriN],"n.春天, 跃起, 泉, 弹簧, 发条, 弹性, 弹力, 根源//v.跳, 跃, 跃出, 使跳跃, 使爆炸, 触发"
sputnik,[5spQtnik],n.(苏联)人造地球卫星
spy,[spai],"n.特工人员, 间谍, 侦探, 探员, 秘密侦察他人行动者//v.侦察, 侦察, 发现"
square,[skwZE],"n.正方形, 广场, 平方, 直角尺//adj.正方形的, 四方的, 直角的, 正直的, 公平的, 结清的, 平方的, 彻底的//adv.成直角地, 正直地, 公平地, 坚定地//v.使成方形, 弄平, 使直, 与...一致, 符合, 自乘, 结算"
squid,[skwid],"n.鱿鱼, 钓乌贼的钓钩, 反潜艇发射装置"
stick,[stik],"n.棍, 棒, 手杖//v.粘住, 粘贴//vt.刺, 戳"
stick to,[],v.粘住
store,[stC:; stCE],"vt.贮藏, 贮备, 存储//n.商店, 店铺, 贮藏, 贮备"
strength,[streNW],"n.力, 力量, 力气, 实力, 兵力, 浓度"
strengthen,[5streNWEn],"v.加强, 巩固"
strike,[straik],"n.罢工, 打击, 殴打//vt.打, 撞击, 冲击, 罢工, 打动, 划燃, 到达, 侵袭//vi.打, 打击, 罢工, 抓, 敲, 搏动, 打动, 穿透"
stupid,[5stju:pid],"adj.愚蠢的, 麻木的, 乏味的"
suffer,[5sQfE],"vt.遭受, 经历, 忍受//vi.受痛苦, 受损害"
suffer from,[],"v.忍受, 遭受"
surface,[5sE:fis],"n.表面, 外表, 水面//adj.表面的, 肤浅的"
take sides (in),[],站在…一边
tale,[teil],"n.故事, 坏话, 流言蜚语, 谣言, 叙述, 传说"
talk of,[],谈论；议论
tax,[tAks],"n.税, 税款, 税金//vt.对...征税, 使负重担, 指控, 责备"
tear,[tiE],"n.破处, 破缝, 泪滴, 眼泪, 扯, 飞奔, 激怒//vi.流泪, 撕破, 猛冲, 飞奔, 被撕破//vt.扯, 撕, 撕破, 戳破, 拉掉, 折磨, 使分裂, 撕掉"
technical,[5teknikEl],"adj.技术的, 技术上的, 技巧方面的"
telegraph,[5teligrB:f],"n.电报机, 电报//v.打电报, 发电报, 打电报说"
telephone directory,[],电话号簿
tennis,[5tenis],"n.网球运动//adj.网球的, 用于网球运动的//vi.打网球"
text,[tekst],"n.正文, 原文, 课文, 课本"
textbook,[5tekstbuk],"n.教科书, 课本//adj.合乎规范的"
the Atlantic,[],大西洋
the Caribbean,[7kAri5bi(:)En],加勒比海(拉丁美洲)
the Dead Sea,[],死海
the First World War,[],第一次世界大战
the Nobel Prize,[nEu5bel],诺贝尔奖
the Nobel prize,[],n.诺贝尔奖
the South Pole,[],南极
thought,[WC:t],"n.思考, 想法, 思想, 思潮, 关心, 关怀, 挂念//vbl.think的过去式和过去分词"
thread,[Wred],"n.线, 细丝, 线索, 思路, 螺纹"
throughout,[Wru(:)5aut],"prep.遍及, 贯穿//adv.到处, 始终, 全部"
time,[taim],"n.时间, 时侯, 时机, 节拍, 期限, 次数, 时期, 比赛限时//vt.安排...的时间, 记录...的时间, 计时, 定时//vi.打拍子, (...)合拍//adj.时间的, 记时的, 定时的, 定期的, 分期的//n.DOS命令：显示并允许改变系统时间"
tin,[tin],"n.[化]锡, 马口铁, 罐//vt.涂锡于//adj.锡制的"
tiny,[5taini],"adj.很少的, 微小的"
tongue,[tQN],"n.舌头, 舌状物, 语言, 说话方式, 口语//vt.舔, 闲谈, 斥责//vi.吹管乐器"
tour,[tuE],"n.旅行, 游历, 旅游//v.旅行, 游历, 巡回, 漫游"
tourist,[5tuErist],"n.旅行者, 旅游者"
toy,[tCi],n.玩具
track,[trAk],"n.轨迹, 车辙, 跟踪, 航迹, 足迹, 路, 磁轨, 途径//vt.循路而行, 追踪, 通过, 用纤拉//vi.追踪, 留下足迹, 走"
transport,[trAns5pC:t],"n.传送器, 运输, 运输机, 激动, 流放犯, 狂喜//vt.传送, 运输, 流放, 放逐"
treasure,[5treVE],"n.财宝, 财富, 珍品, 财产//vt.珍爱, 珍惜, 储藏, 珍藏"
treatment,[5tri:tmEnt],"n.待遇, 对待, 处理, 治疗"
trick,[trik],"n.诡计, 骗局, 恶作剧, 窍门, 诀窍//vt.欺骗, 哄骗"
truth,[tru:W],"n.事实, 确实, 真理, 原理"
turn up,[],"v.找到, 发现, 出现, 折起, 拐入, 卷起, 使仰卧, 突然发生"
unfair,[5Qn5fZE],adj.不公平的
unfold,[Qn5fEuld],"vt.打开, 显露, 开展, 阐明//vi.伸展, 开花, 呈现//vt.放(羊)出栏"
upon,[E5pCn],prep.在...之上
variety,[vE5raiEti],"n.变化, 多样性, 种种, 品种, 种类"
various,[5vZEriEs],"adj.不同的, 各种各样的, 多方面的, 多样的"
vast,[vB:st],"adj.巨大的, 辽阔的, 大量的, 巨额的"
video,[5vidiEu],"n.电视, 录象, 视频"
videophone,[`vidiEufEun],n.电视电话
violin,[7vaiE5lin],"n.小提琴, 小提琴手"
voice,[vCis],"n.声音, 嗓音, 发音能力, 意见, 发言权, [语法]语态//vt.表达, 吐露"
vote,[vEut],"n.投票, 选票,表决, 得票数//vi.投票//vt.投票,投票决定, 公认, <口>建议, 使投票"
voyage,[5vCiidV],"n.航程, 航空, 航海记, 旅行记//vi.航海, 航行//vt.渡过, 飞过"
waiter,[5weitE],"n.侍者, 服务员"
wealth,[welW],"n.财富, 财产, 大量"
wedding,[5wediN],"n.婚礼, 婚宴, 结合, 结婚典礼"
whale,[weil; hw-],n.鲸//v.捕鲸
wheelchair,[5wi:ltFeE(r):C5:QQ],n.轮椅
whisper,[5(h)wispE],"n.耳语, 私语, 密谈, 谣传, 飒飒的声音//vi.耳语, 密谈, 飒飒地响//vt.低声说"
whistle,[(h)wisl],"n.口哨, 汽笛, 口哨声, 汽笛声//v.吹口哨, 鸣汽笛"
wind,[waind],"n.风//v.绕, 缠, 上发条, 旋紧"
wing,[wiN],"n.翅, 翅膀, 翼, 飞翔, 机翼, 派别//vt.装以翼, 飞过, 使飞, 空运, 增加...速度//vi.飞, 飞行"
wish...every success,[],祝…成功
work out,[],"v.可以解决, 设计出, 作出, 计算出, 消耗完"
worldwide,[5wE:ldwaid; -5waid],adj.全世界的
youth,[ju:W],"n.青春, 青年时期, 初期, 少年, 青年们"
