aborigines,[7AbE5ridVini:z],"n.土著, 原居民, (Aborigines)澳大利亚土著居民,土生动物(或植物)群"
above all,[],"adv.最重要, 首先"
absent,[5AbsEnt],"adj.不在的, 缺席的, 缺少的//vt.缺席"
according,[E5kC:diN],adv.依照
according to,[],v.依照
ache,[eik],"n.疼痛//vi.觉得疼痛, 渴望"
actual,[5AktjuEl],"adj.实际的, 真实的, 现行的, 目前的"
ad,[Ad],"n.广告//[域] Andorra , 安道尔//abbr.[军] Air Defense, 防空"
admire,[Ed5maiE],"v.赞美, 钦佩, 羡慕"
adopt,[E5dCpt],"vt.采用, 收养"
advantage,[Ed5vB:ntidV],"n.优势, 有利条件, 利益"
adventure,[Ed5ventFE],"n.冒险, 冒险的经历//v.冒险"
advertise,[5AdvEtaiz],"v.做广告, 登广告"
advertisement,[Ed5vE:tismEnt],"n.广告, 做广告"
aeroplane,[5ZErEplein],n.飞机
agreement,[E5gri:mEnt],"n.同意, 一致, 协定, 协议"
aim,[eim],"n.目标, 目的, 瞄准//v.对...瞄准, 打算"
aircraft,[5ZEkrB:ft],n.航行器
Alaska,[E5lAskE],n.阿拉斯加州(美国州名)栖无尾动物)地//n.内地
aleutian islands,[],"n.阿留申群岛(环布于阿拉斯加半岛尖端的弧形岛屿)? 撕破, 猛冲, 飞"
aloud,[E5laud],adv.大声地
anger,[5ANgE],"n.怒, 愤怒//v.恼火"
Antonio,[An5tEuniEu],安东尼奥(男子名))
anyhow,[5enihau],"adv.无论如何, 总之"
apart,[E5pB:t],"adv.分离, 分成零件, 分别地, 分离着//adj.分开的"
apartment,[E5pB:tmEnt],"n.<美>公寓住宅, 单元住宅, 房间"
argue,[5B:gju:],"vi.争论, 辩论//vt.说服"
argument,[5B:gjumEnt],"n.争论, 辩论, 论据, 论点, ～ (for,against), 意见"
As well,[],"倒不如, 还是...的好// 最好...还是(It will be As well to stop that young screamer. 但是最好还是让那个大哭大叫的孩子住声。)"
ash,[AF],"n.灰, 灰烬, [植]岑树"
ashamed,[E5Feimd],"adj.惭愧的, 羞耻的"
ashtray,[5AFtrei],n.烟灰缸
astonishing,[Es5tCniFiN],adj.可惊异的
at least,[],adv.至少
at sea,[],"adv.(=all at sea)在大海上, 迷茫, 弄错"
at the mercy of,[],adv.受...支配
backward,[5bAkwEd],"adv.adj.向后地(的), 相反地(的), 追溯, 退步, 由好变坏"
backwards,[5bAkwEdz],adv.向后
bake,[beik],"v.烘焙, 烤, 烧硬"
balance,[5bAlEns],"n.秤, 天平, 平衡, [商] 收支差额, 结余, 余额//v.平衡, 称, 权衡, 对比, 结算//n.资产平稳表"
Banks,[bANks],班克斯(姓氏):09:42
bar,[bB:(r)? 体操],"n.条, 棒(常用作栅栏,扣栓物), 横木, 酒吧间, 栅, 障碍物//vt.禁止, 阻挡, 妨碍, 把门关住, 除...之外, (Bar)律师业"
battlefield,[5bAt(E)lfi:ld],"n.战场, 沙场"
bay,[bei],"n.海湾, 狗吠声, 绝路//vt.吠, 使走投无路//vi.吠"
be in love with,[],"v.与...恋爱, 迷恋"
be proud of,[],"v.自豪, 高兴"
be seated,[],"v.坐下, 坐落于"
beach,[bi:tF],n.海滩
beam,[bi:m],"n.梁, 桁条, (光线的)束, 柱, 电波, 横梁//v.播送"
bear,[bZE],"n.熊//v.负担, 忍受, 带给, 具有, 挤, 向"
believe in,[],v.信仰
bench,[bentF],n.长椅子
Berlin,[bE:5lin],"n.(=Berlin wool)细毛线//n.柏林(德国城市)? 栅, 障碍物"
beyond,[bi5jCnd],"prep.在(到)...较远的一边, 超过, 那一边//adv.在远处//n.远处"
birth,[bE:W],"n.出生, 产生, 出身"
biscuit,[5biskit],"n.饼干, 小点心"
bitter,[5bitE],"adj.苦的, 痛苦的, 怀恨的"
blame,[bleim],"n.过失, 责备//vt.责备, 谴责"
bless,[bles],"vt.祝福, 保佑, <口>哎呀!我的天哪!"
board,[bC:d],"n.木板, (供特殊用途的)木板, 甲板, 膳食费用, 会议桌, 部//vt.用板盖上, 包饭, 提供膳食, 上(船、飞机等)"
body-building,[],"n.加强体质, 健美运动"
bonny,[5bCni],"adj.漂亮的, 健美的"
bookstore,[5bukstC:(r)7:C7:WE],n.书店
boring,[5bC:riN],n.钻(孔)//adj.令人厌烦的
botany,[5bCtEni],n.植物学
box,[bCks],"n.盒子, 箱, 包厢, 岗亭, 一拳//v.装...入盒中, 打耳光, 拳击"
break into,[],"v.破门而入, 侵占"
break off,[],"v.中断, 折断, 突然停止, 脱落, 暂停, 断绝, 解除"
brick,[brik],"n.砖, 砖块, 砖形物(如茶砖,冰砖等), <口>心肠好的人"
bring in,[],"v.生产, 挣得, 介绍引进"
bucket,[5bQkit],"n.桶, 一桶的量, [桶状物]铲斗"
burst,[bE:st],"v.爆裂, 炸破, 急于, 爆发//n.突然破裂, 爆发, 脉冲"
burst into tears,[],突然大哭
butcher,[5butFE],"n.屠夫, 屠户//vt.屠宰, 屠杀"
cafe,[5kAfei; (?@) kA5fei],"n.咖啡馆, 小餐馆"
Cairo,[5kaiErEu],n.开罗(埃及首都)⒈缁
calm,[kB:m],"adj.(天气、海洋等)静的, 平静的, 镇静的, 沉着的//v.(使)平静, (使)镇定, 平息"
Cambodia,[kAm5bEudiE],"n.高棉, 柬埔寨"
Cambodian,[kAm`bEudiEn],"n.高棉人(语), 柬埔寨人(语)糁偷? 阴暗的"
camp,[kAmp],"n.露营地, 阵营//vi.露营, 扎营"
carpet,[5kB:pit],n.地毯
carry on,[],"v.继续开展, 坚持, 举止失常"
cash crop,[],n.商品作物
cave,[keiv],"n.洞穴, 窑洞//vi.凹陷, 投降//vt.挖洞, 使凹陷"
celebrate,[5selibreit],"v.庆祝, 祝贺, 表扬, 赞美, 举行"
chain,[tFein],"n.链(条),镣铐, 一连串, 一系列//vt.用链条拴住"
chart,[tFB:t],"n.海图, 图表//vt.制图"
cheek,[tFi:k],"n.颊, 厚颜, 类似颊的事物, <俚>臀部"
cheer,[tFiE],"n.愉快, 欢呼//v.(使)快活, (对)欢呼"
chest,[tFest],"n.胸腔, 胸膛, 箱, 柜"
Cincinnati,[7sinsi5nAti],辛辛那提[美国俄亥俄州西南部城市]
clap,[klAp],"n.拍手声, 霹雳声//v.鼓掌, 轻拍"
clothing,[5klEuTiN],n.衣服
coastline,[5kEustlain],n.海岸线
cocoa,[5kEukEu],"n.可可粉, 可可饮料, 可可豆"
cold-blooded,[kEuld5blQdid],冷漠
collar,[5kClE],抓住...的领口［头颈］； 给（衣服）上衣领； 使戴项圈
colouring,[5kQlEriN],"n.色彩(美作：coloring) 谣言, 叙述, 传说"
comb,[kEum],"n.梳子, 梳, 鸡冠, 蜂巢//vi.梳(发), 搜索"
comfort,[5kQmfEt],"n.安慰, 舒适, 安慰者//vt.安慰, 使(痛苦等)缓和"
comment,[5kCment],"n.注释, 评论, 意见//vi.注释, 评论"
companion,[kEm5pAnjEn],"n.同伴, 共事者"
counter,[5kauntE],"n.计算器, 计数器, 计算者, 柜台, 筹码//adv.prep.相反地"
courage,[5kQridV],"n.勇气, 精神"
court,[kC:t],"n.法院, 庭院, 朝廷, 宫庭, 球场, 奉承, 求爱, 殷勤//vt.向...献殷勤, 追求, 设法获得(他人的支持等), 博得(喝彩), 招致(失败、危险等)//vi.求爱"
courtyard,[5kC:tjB:d],"n.庭院, 院子"
crazy,[5kreizi],"adj.疯狂的, 狂热的, (指建筑等)不安全的"
crew,[kru:],"n.全体人员, (工作)队//vbl.crow的过去式"
cure,[kjuE],"v.治愈, 治疗//n.治愈, 痊愈"
Curie,[5kjuEri]," 居里(姓氏)// Marie, 1867-1934, 生于波兰的法国女物理学家、化学家，1898年与其夫皮埃尔共同发现镭，曾获1903年诺贝尔物理学奖、1911年诺贝尔化学奖// Pierre, 1859-1906, 法国物理学家、化学家，与其妻玛丽共同发现镭，曾获1903年诺贝尔物理学奖// 放射性强度单位=3.7×10的10次方衰变\秒"
curiously,[],adv.好奇地
curtain,[5kE:tEn],"n.窗帘, 门帘//v.装上门帘"
cushion,[5kuFEn],"n.垫子, 软垫, 衬垫//v.加衬垫"
damp,[dAmp],"n.湿气//adj.潮湿的//vt.使潮湿, 阻尼, 使衰减, 使沮丧, 控制, 抑止"
day by day,[],adv.逐日
debt,[det],"n.债务, 罪过"
defence,[di5fens],"n.防卫, 防卫设备//n.[律](被告的)答辩、辩护"
defend,[di5fend],"vt.防护, 辩护, 防卫, [律]作...的辩护律师"
delight,[di5lait],"n.快乐, 高兴, 喜悦//v.(使)高兴, (使)欣喜"
delighted,[di5laitid],"adj.欣喜的, 快乐的"
department,[di5pB:tmEnt],"n.部, 局, 处, 科, 部门, 系, 学部"
department store,[],n.百货公司
description,[dis5kripFEn],"n.描写, 记述, 形容, 种类, 描述"
desert,[di5zE:t],"n.沙漠, 应得的赏罚, 功过//adj.沙漠的, 不毛的, 荒凉的//vt.放弃, 遗弃, 逃跑//vi.逃掉, 逃亡, 开小差"
desire,[di5zaiE],"vt.想望, 期望, 希望, 请求(官方丈礼)//n.愿望, 心愿, 要求//v.要求"
determination,[di tE:mi5neiFEn],"n.决心, 果断"
devote,[di5vEut],"vt.投入于, 献身"
devote to,[],把...献给// 把...专用于
dingo,[5diNgEu],n.[动] 澳洲野狗
dirt,[dE:t],"n.污垢, 泥土"
disadvantage,[7disEd5vB:ntidV],"n.不利, 不利条件, 缺点, 劣势"
disappoint,[7disE5pCint],vt.使失望
disappointing,[7disE5pCintiN],"adj.使人失望的, 令人失望的"
disappointment,[7disE5pCintmEnt],n.失望
disaster,[di5zB:stE],"n.灾难, 天灾, 灾祸"
discoverer,[],n.发现者
divorce,[di5vC:s],"n.离婚, 脱离//vt.使离婚, 与...脱离"
do the deed,[],v.产生效果
downtown,[5dauntaun],"adv.在市区, 往市区//adj.市区的"
drawer,[5drC:E],"n.抽屉, 画家, 制图员, (用复数)衬裤、内裤"
drawing,[5drC:iN],"n.图画, 制图, 素描术"
drill,[dril],"n.钻孔机, 钻子, 播种机, 军事训练, 操练, (反复)练习, 条播机//v.训练, 钻孔, 条播"
drop,[drCp],"v.滴下, 落下, (使声音等)变弱, (使价格等)下降, 使跌倒, 使结束, 不再讨论, 停止与(某人)交往//n.落下, 下降, 滴, 滴剂, 点滴, 微量, 下跌"
ducat,[5dQkEt],"n.从前流通于欧洲各国的钱币达克特, 硬币"
dull,[dQl],"adj.感觉或理解迟钝的, 无趣的, 呆滞的, 阴暗的//vt.使迟钝, 使阴暗, 缓和//vi.变迟钝, 减少"
eagerly,[],"adv.热心地, 急切地"
effect,[i5fekt],"n.结果, 效果, 作用, 影响, (在视听方面给人流下的)印象//vt.招致, 实现, 达到(目的等)? (自船上测海水深度的)铅陲, 石墨, 铅笔芯"
elder,[5eldE(r) 老人; 父辈adj.年长的; 资格老的],"n.年长者, 老人, 父辈//adj.年长的, 资格老的"
endeavour,[in5devE],"n.<英>尽力,竭力"
endless,[5endlis],"adj.无止境的, 无穷的"
envy,[5envi],"n.vt.羡慕, 嫉妒"
Eric,[],n. 埃里克（男子名）
everyday,[5evridei],"adj.每天的, 日常的, 平常的, 平凡的"
excited,[ik5saitid],兴奋的
exist,[ig5zist],"vi.存在, 生存, 生活, 继续存在"
expedition,[7ekspi5diFEn],"n.远征, 探险队, 迅速, 派遣"
express,[iks5pres],"adj.急速的, 特殊的, 明确的//n.快车, 快递, 专使//vt.表达, 表示//adv.乘快车, 以快递方式"
failure,[5feiljE],"n.失败, 失败者, 缺乏, 失灵, 故障, 破产, 疏忽, <美>不及格"
fair,[fZE],"adj.美丽的, 女性的, (肤色)白皙的, (头发)金黄的, 干净的, 公平的, (天气)晴朗的//adv.公平地, 公正地, 直接地, 清楚地//n.美好的事物, 美人, 展览会, 市集//vi.转晴"
faith,[feiW],"n.信任, 信念, 宗教信仰, 忠实, 保证, 诺言, 约定"
fall ill,[],生病
fall to pieces,[],破碎
false,[fC:ls],"adj.错误的, 虚伪的, 假的, 无信义的, 伪造的, 人工的, 不老实的//adv.欺诈地"
fan,[fAn],"n.扇子, 鼓风机, 风扇, 迷, 狂热者, 爱好者//vt.煽动, 刺激, 扇, 吹拂//vi.飘动, 成扇形散开"
farmland,[`fB:mlAnd],n.农田
fear,[fiE],"n.恐怖, 害怕, 担心, 敬畏//v.害怕, 畏惧, 为...担心, 敬畏(神等)?"
feather,[5feTE],"n.翎毛, 轻的东西, 羽毛//vi.长羽毛//vt.用羽毛装饰, 射掉(飞禽)的羽毛"
feed on,[],"v.以...为食, 以...为能源"
fellow,[5felEu],"n.人, 家伙, 伙伴, 学会特别会员, 朋友, 同事//adj.同伴的, 同事的, 同道的"
fence,[fens],"n.栅栏, 围墙, 剑术//vt.用篱笆围住, 练习剑术, 防护//vi.击剑, 围以栅栏, 跳过栅栏, 搪塞"
fever,[5fi:vE],"n.发烧, 发热, 热病, 狂热, 高度兴奋//v.(使)发烧, (使)患热病, (使)狂热"
fierce,[fiEs],"adj.凶猛的, 猛烈的, 热烈的, 暴躁的<美>极讨厌的, 难受的, <英方>精力旺盛的"
fiercely,[`fiEsli],"adv.猛烈地, 厉害地"
Finland,[5finlEnd],n.芬兰[欧洲]
firm,[fE:m],"n.公司, (合伙)商号//adj.结实的, 坚硬的, 坚定的, 坚固的, 牢固的, 稳固的, 严格的//vt.使牢固, 使坚定//vi.变稳固, 变坚实//adv.稳固地, 坚定地"
fisherman,[5fiFEmEn],"n.渔民, 渔夫"
fist,[fist],"n.拳头, 手, 抓住, 抓牢//vt.拳打, 握成拳, 紧握"
fit,[fit],"n.突然发作, 适合, 痉挛, 一阵//adj.合适的, 恰当的, 健康的, ,准备好的//vt.适合, 安装, 使合身, 使适应, 使合格//vi.适合, 符合"
fix up,[],"v.安排, 修补, 修理, 解决, 商妥"
flash,[flAF],"[计]Macromedia 公司开发的动画编辑工具//n.闪光, 闪现, 一瞬间//vi.闪光, 闪现, 反射, 使迅速传便//vt.使闪光, 反射//adj.闪光的, 火速的"
flat,[flAt],"adj.平坦的, 扁平的, 单调的, 倒下的, 浅的, 干脆的, 无聊的, 无力的//adv.平直地, 仰卧地, 恰恰, 正好, 断然地//n.平面, 平地, 一层, 公寓//v.(使)变平, (使)降半音"
flesh,[fleF],"n.肉, (供食用的)兽肉, 肉体, 肉欲, 果肉, 蔬菜的嫩部, 亲属, 人体//vt.以肉喂(猎犬等), 使肥, 赋以血肉//vi.长胖"
flight,[flait],"n.飞行, 逃走, 飞跃, 飞机的航程, 班机, 追逐, 楼梯的一段, 射程//vi.成群飞行, 迁徙//vt.射击(飞禽), 使惊飞"
fly,[flai],"n.苍蝇, 两翼昆虫, 飞行//vi.飞翔, 飘扬, 溃逃//vt.飞越, 使飘扬, 逃脱//adj.机敏的, 敏捷的"
for ever,[],"adv.永远, 总是"
Ford,[fC:d],"福特(①姓氏 ②Henry, 1863--1947,美国汽车制造厂商 ③Gerald Rudolph, 1913-, 于1974-1976任美国第38任总统 ④Paul Leicester, 1865-1902 美国历史学家及小说家) 船尾搁浅"
forever,[fE5revE],"adv.永远, 永恒, 永久, 常常, 始终"
fortunate,[5fC:tFEnit],"adj.幸运的, 幸福的"
fountain,[5fauntin],"n.泉水, 喷泉, 源泉"
fragile,[5frAdVail],"adj.易碎的, 脆的"
freeway,[5fri:wei],n.高速公路
friendship,[5frendFip],"n.友谊, 友好"
frog,[frCg],n.青蛙//vi.捕蛙
from then on,[],从那时起
fully,[5fuli],"adv.充分地, 完全地, 足足, 至少"
gain,[gein],"n.财物的增加, 财富的获取, 利润, 腰槽, 收获//vt.得到, 增进, 赚到, 开腰槽于//vi.获利, 增加"
gift,[gift],"n.赠品, 礼物, 天赋, 才能"
give birth to,[],v.产生
give off,[],v.发出(蒸汽、光等)，长出（枝、杈等）
glance,[glB:ns],"vi.扫视, 匆匆一看//n.一瞥, 眼光, 匆匆一看"
glove,[glQv],n.手套//vt.戴手套
go by,[],"v.(从...旁)走过, 依照, 顺便走访"
go over,[],"v.(渡过...)转变, (对...进行)仔细检查, 润色, 复习"
goat,[gEut],"n.山羊, <俚>色鬼, <美俚>替罪羊"
golden,[5gEuldEn],"adj.金色的, 金黄色的, 贵重的, 极好的, 黄金的"
goose,[gu:s],"n.鹅, 雌鹅, 鹅肉, (裁缝用的有长曲柄的)熨斗//vt.突然加大油门, 嘘骂"
graduation,[7grAdju5eiFEn],"n.毕业, 毕业典礼, 刻度, 分等级"
gram,[grAm],"n.克, [植]鹰嘴豆(用作饲料)罾"
greedy,[5gri:di],"adj.贪吃的, 贪婪的, 渴望的"
Greek,[gri:k],"adj.希腊的, 希腊人的, 希腊语的//n.希腊人, 希腊语"
greet,[gri:t],"vt.问候, 向...致意, 获悉(消息), 映入眼帘"
greeting,[5gri:tiN],"n.祝贺, 问候"
grey,[grei],"adj.灰色的, 灰白的//n.灰色"
ground floor,[],第一层
gym,[dVim],"gymnasium 体育//n.体育馆, 体操"
gymnast,[5dVimnAst],n.体操运动员
gymnastics,[dVim5nAstiks],"n.体操, 体育"
ham,[hAm],"n.火腿, 大腿的后部, 大腿及臀部, 笨拙的演员//adj.过火的, 做作的//v.演得过火"
hand down,[],"v.传下来, 宣布"
hand in hand,[],"adv.手拉手, 联合"
hand out,[],"v.把...拿出来, 分发, 施舍"
handsome,[5hAnsEm],"adj.英俊的, 大方的, 慷慨的, 美观的, 堂皇的"
handstand,[5hAndstAnd],n.手倒立
Hawaii,[hB:5waii:],"n.夏威夷, 夏威夷岛"
head,[hed],"n.头, 头脑, 领袖, (队伍, 名单等)最前的部分, 人, 顶点//vt.作为...的首领, 朝向, 前进, 用头顶//vi.成头状物, 出发//adj.头的, 主要的"
help oneself to,[],v.自用
hibernate,[5haibEneit],v.冬眠
hibernation,[],"n.过冬, 冬眠, 避寒"
high-rise,[],"adj.(建筑物)超高层的, 高楼的//n.高楼, 大厦"
hilly,[5hili],"adj.多小山的, 多坡的, 陡的"
hold out,[],"v.伸出, 提供, 维持, 阻止, 制止, <美口>扣留, 声称"
Holland,[5hClEnd],n.荷兰
hot dog,[],"n.<口>热狗(一种中间夹有熏红肠并配有芥菜,作料等的面包)飘扬, 逃脱"
housewife,[5hauswaif],"n.主妇, 家庭主妇, 针线盒"
humorous,[5hju:mErEs],"adj.富幽默感的, 滑稽的, 诙谐的, 想入非非的, 异想天开的"
humour,[5hju:mE],"n.幽默, 诙谐"
ice cream,[],n.冰淇淋
identical,[ai5dentikEl],"adj.同一的, 同样的"
impersonally,[],adv.与个人无关地
importance,[im5pC:tEns],"n.重要(性), 重大, 价值, 傲慢"
in a flash,[],"立刻, 一瞬间"
in charge of,[],"负全责, 经管, 照顾"
in debt,[],负债
in honour of,[],"adv.为纪念, 为庆祝"
in search of,[],adv.寻找
inch,[intF],"n.英寸(=1\12英尺)尺, 直尺"
indeed,[in5di:d],"adv.真正地, (加强语气)确实, (表示让步)当然, 甚至, 真的吗?"
inland,[5inlEnd],"adj.内陆的, 国内的//adv.在内地, 向内地//n.内地"
insert,[in5sE:t],"vt.插入, 嵌入//n.插入物"
institute,[5institju:t],"n.学会, 学院, 协会//vt.创立, 开始, 制定, 开始(调查), 提起(诉讼)"
irrigate,[5irigeit],"vt.灌溉, 修水利, 冲洗伤口, 使潮湿//vi.进行灌溉"
irrigation,[7iri5geiFEn],"n.灌溉, 冲洗"
Italian,[i5tAljEn],"n.意大利人, 意大利语//adj.意大利的, 意大利语的, 意大利文化的"
Italy,[5itEli],"n.意大利(欧洲南部国家) 宝库, 地雷, 水雷"
jam,[dVAm],"n.果酱, 拥挤, 堵塞, 困境//vt.挤进, 使塞满, 混杂, 压碎, 使堵塞//vi.堵塞, 轧住, 拥挤"
jar,[dVB:],"n.震动, 刺耳声, 震惊, 争吵, 罐, 广口瓶//vi.震惊, 冲突, 发刺耳声, 不一致//vt.震动, 刺激"
Java,[5dVB:vE],n.爪哇//n.一种新型的计算机语言
jokingly,[],"adv.开玩笑地, 打趣地"
judge,[dVQdV],"n.法官, 审判员, 裁判员, 鉴赏家, 鉴定人, (J-)最高的审判者//vt.审理, 鉴定, 判断, 判决, 断定, 认为//vi.下判断, 作评价"
judgement,[5dVQdVmEnt],"n.审判, 判决, 判断力, 意见, 看法, 评价"
justice,[5dVQstis],"n.正义, 正当, 公平, 正确, 司法, 审判, 欣赏"
kangaroo,[7kANgE5ru:],n.[动]袋鼠
keep fit,[],保持健康
keep off,[],"v.让开, 不接近"
keep one's balance,[],v.保持平衡
keep up,[],"v.不低落, 维持, 继续"
kindergarten,[5kindE7gB:tn],"n.幼儿园//adj.幼儿园的, 初级的, 启蒙阶段的"
koala,[kEu5B:lE],"n.[动] 树袋熊(澳洲产,树栖无尾动物)地//n.内地"
landowner,[5lAndEunE(r)姓],"n.地主, 土地所有者"
Larry,[5lAri],n.拉里(Lawrence的昵称)(m.)//n.[建]拌浆锄
lead,[li:d],"vt.领导, 引导, 致使//vi.领导, (道路等)通向, 导致, 用水砣测深//n.领导, 领先, 导线, 铅, (自船上测海水深度的)铅陲, 石墨, 铅笔芯"
leak,[li:k],"n.漏洞, 漏出, 漏出物, 泄漏, <俚>撒尿//vi.漏, 泄漏//vt.使渗漏"
learned,[5lE:nid],"adj.有学问的, 学术上的"
letter box,[],信箱
librarian,[lai5brZEriEn],"n.图书馆员, 图书管理员"
lip,[lip],"n.嘴唇, 唇缘"
liter,[5li:tE],n.公升
litre,[li:tE(r))升(容量单位)],n.(=liter)升(容量单位)
live,[liv],"adj.活的, 生动的, 精力充沛的, 实况转播的, 点燃的//vi.活着, 生活, 居住, 流在人们记忆中//vt.过着, 度过, 经历//adv.以实况地"
Liverpool,[5livEpu:l],n.利物浦（英国英格兰西部港口城市）
loose,[lu:s],"n.解放, 放任, 放纵//adj.宽松的, 不精确的, 不牢固的, 散漫的, 自由的//vt.释放, 放枪, 开船//vi.变松, 开火//adv.松散地"
loss,[lCs],"n.损失, 遗失, 失败, 输, 浪费, 错过, [军]伤亡, 降低"
luggage,[5lQgidV],"n.行李, 皮箱"
lung,[lQN],"n.肺, 呼吸器, 肺脏"
madame,[5mAdEm],"n.<法>太太, 夫人"
maid,[meid],"n.少女, 女仆"
mailbox,[],"n.<美>邮筒, 邮箱"
mailman,[`meilmAn],n.邮差
mainland,[`meinlEnd;-lAnd],n.大陆
major,[5meidVE],"n.<美>[教]主修课, [律]成年人, [乐]大调//adj.主修的, 成年的, 大调的//vi.主修"
make a promise,[],允诺
make room for,[],为...腾出空位
make sense,[],v.有意义
Malay,[mE5lei],"adj.马来西亚的//n.马来人, 马来语"
map,[mAp],"n.地图, 图//v.绘制地图"
Marie,[5mB:ri(:); mE5ri:],n. 玛丽（女子名）
mass,[mAs],"n.块, 大多数, 质量, 群众, 大量//adj.群众的, 大规模的, 集中的//vt.使集合//vi.聚集"
mat,[mAt],"n.席子, 垫子//v.铺席子"
menu,[5menju:],n.菜单
merchant,[5mE:tFEnt],"n.商人, 批发商, 贸易商, 店主//adj.商业的, 商人的"
merciful,[5mE:siful],"adj.仁慈的, 慈悲的"
mercy,[5mE:si],"n.仁慈, 宽恕, 怜悯"
microcomputer,[5maikrEukEmpju:tE(r) 失灵; 故障; 破产; 疏忽; <美>不及格],n.微型(电子)计
midday,[5middei],n.正午
Miles,[],n. 迈尔斯（男子名）
mine,[main],"n.矿, 矿山, 矿井, 源泉, 宝库, 地雷, 水雷//vt.挖掘, 开采, 在...布雷, 破坏//vi.开矿, 埋设地雷//pron.我的"
mineral,[5minErEl],"n.矿物, 矿石"
misunderstanding,[misQndE5stAndiN],"n.误会, 误解"
moneylender,[5mQnilendE(r)钡?放债者],n.(尤指经营典当的)放债者
motherland,[5mQTElAnd],n.祖国
mountainous,[5mauntinEs],"adj.多山的, 山一般的, 巨大的"
ms,[miz],"[域] Montserrat, 蒙塞拉特岛//abbr.Microsoft,微软公司的简称//abbr.[军] Military Standard, 军标"
mud,[mQd],"n.泥, 泥浆, 泥泞//abbr.Multi-User Dungeons, 多用户网络游戏//abbr.Multi-User Domuins, 多用户领域"
nearby,[5niEbai],"adj.附近的, 邻近的//adv.在附近"
neatly,[],"adv.整洁地, 优美的, 巧妙的, [酒类]纯的"
now and again,[],adv.不时
nowhere,[5nEuhwZE],"adv.无处, 到处都无"
obey,[E5bei],"v.服从, 顺从"
obviously,[5CbviEsli],adv.明显地
occur,[E5kE:],"vi.发生, 出现"
Ohio,[Eu5haiEu],n.俄亥俄州(美国州名)? 分离着
on board,[],"到船上, 在船上"
on the point of,[],adv.正要...的时候
onion,[5QnjEn],"n.洋葱//vt.加洋葱于, 因洋葱掉泪"
opposite,[5CpEzit],"adj.相对的, 对面的, 对立的, 相反的, 对等的, 对应的//n.相反的事物"
outdoors,[aut5dC:z],"n.户外//adv.在户外, 在野外//adj.=outdoor"
overcoat,[5EuvEkEut],n.外套大衣
ownership,[5EunEFip],"n.所有权, 物主身份"
ox,[Cks],"n.牛, 公牛"
part-time,[],"adj.兼职的, 部分时间的//adv.部分时间, 兼职地"
particularly,[pE5tikjulEli],"adv.独特地, 显著地"
pass by,[],"v.经过, 掠过"
passage,[5pAsidV],"n.通过, 经过, 通道, 通路, (一)段, (一)节"
pause,[pC:z],"n.中止, 暂停, 休止符//vi.暂停, 中止, 停顿, 踌躇//n.暂停//n.DOS命令：暂停批文件处理, 在继续处理之前等待按任一键"
pay off,[],"v.还清(债务等)付清, 报复, 赢利"
percentage,[pE5sentidV],"n.百分数, 百分率, 百分比"
permit,[pE(:)5mit],"n.通行证, 许可证, 执照//v.许可, 允许, 准许"
Perth,[pE:W],"珀斯, 佩思(澳大利亚城市)娴? 实况转播的, 点燃的"
pest,[pest],n.有害物
physically,[5fizik(E)li],adv.身体上地
pie,[pai],"n.馅饼, 杂乱, 喜鹊, 爱说话的人//vt.弄乱"
pile,[pail],"n.堆, 大堆, 高大建筑, <美口>大量钱财, <美>[核]反应堆, [电]电池组//vi.堆起, 堆积, 积累, 挤//vt.堆于, 累积, 堆叠, 打桩于, 用桩支撑"
pink,[piNk],"n.粉红色, 石竹花, 化身, 极致, 精华//adj.粉红的//vt.刺, 扎, 刺痛, 使变粉红色//vi.变粉红色"
plain,[plein],"n.平原, 草原//adj.简单的, 明白的, 平常的, 清晰的, 普通的, 朴素的//adv.清楚地//n.[计] 无格式"
planet,[5plAnit],n.[天]行星
play the role of,[],v.担任...角色
poet,[5pEuit; 5pEuet],n.诗人
point,[pCint],"n.点, 尖端, 分数, 要点, 分数//vt.弄尖, 指向, 指出, 瞄准, 加标点于//vi.指, 指向, 表明"
Poland,[5pEulEnd],n.波兰(中欧国家)39
politician,[pCli5tiFEn],"n.政治家, 政客"
polonium,[pE5lEuniEm],n.[化] 钋
Portia,[5pC:FiE],n.波西亚(女子名)
post,[pEust],"n.柱, 邮件, 岗位, 职位, 邮政//vt.张贴, 揭示, 邮递, 布置//vi.快速旅行//adv.加速地//abbr.[军] Passive Optical Seeker Technique, 被动光学自导的导弹技术"
poster,[5pEustE],"n.海报, 招贴, (布告, 标语, 海报等的)张贴者"
postman,[5pEustmEn],n.邮差
precious,[5preFEs],"adj.宝贵的, 贵重的, 珍爱的, 过于精致的, 珍爱的"
pride,[praid],"n.自豪, 自尊(心), 骄傲, 傲慢//vt.使自豪, 使自夸"
primary,[5praimEri],"adj.第一位的, 主要的, 初步的, 初级的, 原来的, 根源的"
primary school,[],小学
proud,[praud],"adj.自豪的, 得意的, 骄傲的, 妄自尊大的"
publicly,[5pQblikli],"adv.公然地, 舆论上"
punishment,[5pQniFmEnt],"n.惩罚, 处罚, 惩处"
purse,[pE:s],n.钱包
Quebec,[kwi5bek],魁北克(加拿大省名)
queen,[kwi:n],"n.王后, 女王"
radioactive,[5reidiEu5Aktiv],"adj.放射性的, 有辐射能的"
radium,[5reidjEm],n.[化]镭
raise,[reiz],"n.上升, 高地, 提出//vt.升起, 唤起, 提高, 使出现, 解除, 饲养, 筹集, 使复活"
rather than,[],conj.胜于
ray,[rei],"n.光线, 闪烁, 微量//vi.射出光线, 浮现, 放射光线//vt.放射, 显出"
recent,[5ri:snt],"adj.新近的, 近来的"
reception,[ri5sepFEn],"n.接待, 招待会, 接收"
reception desk,[],"n.(旅馆, 饭店的)接待处"
regret,[ri5gret],"n.遗憾, 悔恨, 抱歉, 歉意//vt.为...感到遗憾, 后悔, 惋惜, 哀悼, 懊悔//vi.感到抱歉"
relation,[ri5leiFEn],"n.关系, 联系, 叙述, 故事, 亲戚"
remark,[ri5mB:k],"n.备注, 评论, 注意, 注释//vt.评论, 注意, 谈及//vi.谈论"
repay,[ri(:)5pei],"v.偿还, 报答, 报复"
replace,[ri(:)5pleis],"vt.取代, 替换, 代替, 把...放回原处"
require,[ri5kwaiE],"vt.需要, 要求, 命令"
researcher,[ri5sE:tFE(r)谖? 职位; 邮政],n.研究员
review,[ri5vju:],"vt.回顾, 复习//n.回顾, 复习, 评论"
role,[rEul],"n.角色, 任务"
Rome,[rEum],"n.罗马(意大利首都), [史]罗马(古意大利一城邦,后发展成为罗马帝国)"
round up,[],"v.围捕, 使集拢"
rude,[ru:d],"adj.粗鲁的, 无礼的, 猛烈的, 残暴的, 粗鲁无礼的"
ruin,[ruin; 5ru:in],"v.(使)破产, (使)堕落, 毁灭//n.毁灭, 崩溃, 废墟, 遗迹"
ruler,[5ru:lE],"n.统治者, 管理者, 尺, 直尺//n.标尺, 划线板, 划线的人"
salty,[5sC:lti],"adj.有盐分的, 咸味浓的"
satisfaction,[7sAtis5fAkFEn],"n.满意, 满足, 令人满意的事物"
sauce,[sC:s],"n.沙司, 酱油, 调味料//vt.调味, 使增加趣味"
scold,[skEuld],"v.责骂, 申斥, 斥责"
seaman,[5si:mEn],"n.海员, 水手, 水兵"
seamanship,[5si:mEnFip],"n.船舶驾驶术, 船艺"
secondhand,[],"adj.间接获得的, 旧的, 二手的, 做旧货生意的//adv.间接地, 间接听来, 用旧货"
seize,[si:z],"v.抓住, 逮住, 夺取//vt.没收, 查封"
set off,[],"v.出发, 动身, 使爆炸, 引起, 使爆发, 抵销, 分开, 衬托"
set out,[],"v.出发, 开始, 装饰, 陈列, 测定, 宣布, 移植, 陈述//启程//展示"
set sail,[],"v.张帆, 开航"
shadow,[5FAdEu],"n.阴影, 影子, 影像, 预兆, 庇护, 隐蔽处, 阴暗, 少许//vt.遮蔽, 使朦胧, 预示, 尾随//vi.渐变, 变阴暗"
shave,[Feiv],"v.剃, 刮, 削刮//vt.刨, 削//n.刮脸"
shock,[FCk],"n.打击, 震动, 冲突, 休克, 突击, 禾束堆, 乱蓬的头发//vt.使震动, 使休克, 使受电击, 震惊得//vi.震动, 吓人//adj.蓬乱的, 浓密的"
shoulder,[5FEuldE],"n.肩, 肩部, 侧翼//vt.肩负, 承当"
show off,[],"v.炫耀, 卖弄, 使显眼"
shower,[5FauE],"n.阵雨, 淋浴, (一)阵, (一)大批//vt.大量地给与"
Shylock,[5FailCk],n. 夏洛克（莎士比亚《威尼斯商人》
Siam,[5saiAm; sai5Am],n.暹罗(泰国的旧称)
Siamese,[saiE5mi:z; 5saiE-],"n.暹罗人[语], 暹罗猫//adj.暹罗的"
sickness,[5siknis],"n.疾病, 呕吐"
side by side,[],"adv.并排, 并肩"
sideways,[5saidweiz],"adv.向一旁, 向侧面地, 斜地里//adj.一旁的, 向侧面的"
silly,[5sili],"adj.愚蠢的, 无聊的, 失去知觉的, 无助的"
sincerely,[sin5siEli],adv.真诚地
skilled,[skild],adj.熟练的
smooth,[smu:T],"adj.平滑的, 平坦的, 平稳的, 无毛的, 流畅的, 圆滑的, 安祥的//vt.使光滑, 烫平, 使优雅, 消除//vi.变平滑, 变平静//n.一块平地, 平滑部分"
soap,[sEup],n.肥皂
somewhere,[5sQm(h)wZE],"adv.某处, 在某处"
SOS,[esEu5es],"n.(国际通用的船舶, 飞机等的)无线电紧急呼救信号, <口>紧急求救(或求助的表示)峁┥攀"
spiritual,[5spiritjuEl],adj.精神上的
split,[split],"v.劈开, (使)裂开, 分裂, 分离//n.裂开, 裂口, 裂痕"
spoon,[spu:n],"n.匙, 调羹, 勺子"
spread,[spred],"n.伸展, 展开, 传播, 蔓延, 酒席, 宴会, 桌布//v.伸展, 展开, 铺, 涂, 敷, 摆, 传播, 散布"
spring,[spriN],"n.春天, 跃起, 泉, 弹簧, 发条, 弹性, 弹力, 根源//v.跳, 跃, 跃出, 使跳跃, 使爆炸, 触发"
squirrel,[5skwirEl],n.松鼠//v.贮藏
standard,[5stAndEd],"n.旗, 军旗, 标准, 规格, 本位//adj.标准的, 权威, 第一流的"
starvation,[stB:5veiFEn],"n.饥饿, 饿死"
starve,[stB:v],vt.使饿死//vi.饿得要死
state,[steit],"n.情形, 状态, 国家, 政府, 州//adj.国家的, 国有的, 国营的, 州的, 正式的, 典礼用的//vt.声明, 陈述, 规定"
steadily,[5stedili],"adv.稳定地, 有规则地"
steady,[5stedi],"adj.稳固的, 稳定的, 坚定的, 扎实的, 坚定不移的//v.(使)稳定, (使)稳固"
steal,[sti:l],"v.偷, 窃取, 偷窃, 偷盗"
storage,[5stCridV],"n.贮藏(量), 贮藏库, 存储"
store,[stC:; stCE],"vt.贮藏, 贮备, 存储//n.商店, 店铺, 贮藏, 贮备"
strait,[streit],"adj.艰难的, 苦恼的, 窘迫的//n.地峡, [straits] 海峡"
study,[5stQdi],"n.学习, 研究, 学科, 试作, 论文, 求学, 努力, 书房//vt.学习, 攻读, 研究, 考虑, 计划//vi.学习, 试图"
succeed,[sEk5si:d],"vi.(～ in) 成功//v.继...之后, 继任, 继承, 取得成功"
succeed in,[],在...方面成功
sudden,[5sQdn],"adj.突然的, 意外的"
sun hat,[],"n.阔边防晒草帽,阔边遮阳帽"
sunburnt,[5sQnbE:nt],"adj.起晒斑的, 晒黑的//vbl.sunburn过去式及过去分词"
sunglasses,[],n. 太阳镜；墨镜
sunset,[5sQnset],"n.日落, 晚年"
Sweden,[5swi:dn],n.瑞典
system,[5sistEm],"n.系统, 体系, 制度, 体制, 秩序, 规律, 方法"
Tahiti,[tB:5hi:ti],"n.塔希提岛(位于南太平洋,法属波利西亚的经济活动中心)?展示"
tail,[teil],"n.尾部, 尾巴, 尾状物, 后部, (常用复数)(硬币)反面辫子, 踪迹, 排的长队, 限定继承权//adj.在后面的, 从后面而来的, 限定继承的, 尾部的, 后面来的, 后部的//vt.为...装尾, 附于其后, 尾随, 跟踪, 使搭牢, 监视, 使架住//vi.成为散乱的行列, 跟踪, 嵌入, 船尾搁浅"
take an interest in,[],v.对...感兴趣
take charge,[],"v.看管, 负责, 不受控制//v.主持"
take on,[],"v.披上, 呈现, 具有, 雇用, 承担, 盛气凌人, 接纳, 流行"
take one's seat,[],v.就座
take place,[],v.发生
take pride in,[],v.以...为傲
tale,[teil],"n.故事, 坏话, 流言蜚语, 谣言, 叙述, 传说"
task,[tB:sk],"n.任务, 作业//v.分派任务"
Tasmania,[tAz5meinjE],"n.塔斯马尼亚岛, 塔斯马尼亚州(澳大利亚州名)率"
tear,[tiE],"n.破处, 破缝, 泪滴, 眼泪, 扯, 飞奔, 激怒//vi.流泪, 撕破, 猛冲, 飞奔, 被撕破//vt.扯, 撕, 撕破, 戳破, 拉掉, 折磨, 使分裂, 撕掉"
telegram,[5teligrAm],n.电报
tell apart,[],v.分辨
tense,[tens],"adj.紧张的, 拉紧的//v.(使)紧张, (使)拉紧//n.[语法]时态"
Thailand,[5tailAnd],n.泰国
thief,[Wi:f],"n.小偷, 贼"
thinking,[5WiNkiN],n.思想
thirst,[WE:st],"n.渴, 口渴, (～ for)渴望, 热望"
thought,[WC:t],"n.思考, 想法, 思想, 思潮, 关心, 关怀, 挂念//vbl.think的过去式和过去分词"
thrower,[5WrEuE],"抛 掷物, 抛油环, 甩油环"
thus,[TQs],"adv.因而, 从而, 这样, 如此"
tight,[tait],"adj.紧的, 绷紧的, 紧密的, 不漏水(不透气)的, 由压迫产生的, 困难的, 吝啬的, 严厉的//adv.紧紧地"
tire,[5taiE],"n.<口>疲劳, 劳累, 轮胎, 头饰//vt.使疲倦, 使厌烦, 梳理//vi.疲劳, 厌倦"
toy,[tCi],n.玩具
trainer,[5treinE],"n.训练者, 驯服者, 驯马师, 软运动鞋"
translation,[trAns5leiFEn],"n.翻译, 译文, 转化, 调任, 转换[物][数]平移"
treasure,[5treVE],"n.财宝, 财富, 珍品, 财产//vt.珍爱, 珍惜, 储藏, 珍藏"
trial,[5traiEl],"n.试验, 考验, 审讯, 审判"
troublesome,[5trQblsEm],"adj.麻烦的, 讨厌的, 棘手的"
try out,[],"v.试验, 考验, 提炼"
typist,[5taipist],n.打字员
ugly,[5Qgli],"adj.丑陋的, 难看的"
umbrella,[Qm5brelE],"n.伞, 雨伞, 庇护"
underground,[5QndEgraund],"adj.地下的, 地面下的, 秘密的//n.[英] 地铁//adv.在地下, 秘密地"
underline,[7QndE5lain],"vt.在...下面划线, 作...的衬里, 加下划线, 强调//n.下划线"
understanding,[7QndE5stAndiN],"n.谅解, 理解"
uniform,[5ju:nifC:m],"adj.统一的, 相同的, 一致的, 始终如一的, 均衡的//n.制服//vt.使成一样, 使穿制服"
upon,[E5pCn],prep.在...之上
uranium,[juE5reiniEm],n.铀
useless,[5ju:slis],"adj.无用的, 无效的, 无益的, 无价值的"
user,[5ju:zE],"n.使用者, 使用物, [律]权利的实际享有"
valley,[5vAli],"n.(山)谷, 流域"
Venice,[5venis],n.威尼斯(意大利港市)
Venus,[5vi:nEs],"n.[罗神]维纳斯, [天]金星"
victory,[5viktEri],"n.胜利, 战胜, 克服, [罗神]胜利女神"
viewer,[5vju:E],"n.电视观众,阅读器"
waitress,[5weitris],n.女服务生
warm-blooded,[wC:m5blQdid],"adj.热血的, 热烈的"
Warsaw,[`wC:sC:],"n.华沙(波兰首都),华沙省(波兰省名)(诉讼) 必须"
warship,[5wC:Fip],"n.军舰, 战船"
watch over,[],"v.看守, 监视"
weakness,[5wi:knis],"n.虚弱, 软弱, 弱点, 缺点"
whichever,[(h)witF5evE],"pron.无论那一个, 任何一个"
will,[wil; wEl; El; l],"n.意志, 决心, 意向, 遗嘱//v.aux.将, 愿意, 必须"
willing,[5wiliN],"adj.乐意的, 自愿的, 心甘情愿的, 反应迅速的"
willingness,[],"n.自动自发,积极肯干"
wipe,[waip],"v.擦, 揩, 擦去"
wolf,[wulf],"n.狼, 残忍贪婪之人, 极度的穷困//vt.狼吞虎咽, 大吃//vi.猎狼"
workforce,[],n. 劳动力//工人总数，职工总数
X-ray,[5eks5rei],X-rays X光，X射线
madame,[5mAdEm],n.夫人
Curie,[5kjuEri],居里(姓)
disappoint,[7disE5pCint],vt.使失望
disappointing,[7disE5pCintiN],a.令人失望的
willing,[5wiliN],a.愿意的，乐意的
devote,[di5vEut],v.把…奉献，把…专用
devote to,[],把…献于；把…用于
go over,[],仔细检查
have...to do with,[],与…有关
Marie,[5mB:ri7mE5ri:],玛丽(女名)
radium,[5reidjEm],n.镭
Poland,[5pEulEnd],n.波兰(欧洲)
overcoat,[5EuvEkEut],n.大衣
succeed,[sEk5si:d],vi.成功
succeed in,[],(干…)成功
graduation,[7grAdju5eiFEn],n.毕业
uranium,[juE5reinjEm],n.铀
give off,[],发出(光等)
ray,[rei],n.光线，射线
radioactive,[5reidiEu5Aktiv],adj.放射性的
discoverer,[dis5kQvErE],n.发现者
mineral,[5minErEl],n.矿物，无机物
polonium,[pE5lEuniEm],n.钋
in honour of,[],为向…表示敬意
motherland,[5mQTElEnd],n.祖国
from then on,[],从那时起
go by,[],走过；经过；过去
endless,[5endlis],a.无止境的，没完的
above all,[],首先，首要
work hard at,[],努力工作(或学习)
thought,[WC:t],n.思想；思考；想法
believe in,[],相信；信任
bench,[bentF],n.长凳，工作台
lead,[led],n.铅
false,[fC:ls],a.不正确的，假的
set off,[],使爆炸，使爆发，引起
cure,[kjuE],vt.\n.治疗，痊愈
effect,[i5fekt],n.效果，作用
shock,[FCk],n.使震惊
gram,[grAm],n.克(重量单位)
institute,[5institju:t],n.院，(研究)所
Warsaw,[5wC:sC:],n.华沙(波兰首都)
admire,[Ed5maiE],vt.钦佩，羡慕
determination,[di7tE:mi5neiFEn],n.决心
courage,[5kQridV],n.勇气，胆略
willingness,[5wiliNnis],n.意愿；愿望
X-ray,[5eks5rei],n.Ｘ射线，Ｘ光
battlefield,[5bAtlfi:ld],n.战场
ground floor,[],(英)楼房的底层
pay off,[],偿清(欠款等)
debt,[det],n.债务；欠款
expedition,[7ekspi5diFEn],n.远征(队)，探险(队)
seaman,[5si:mEn],n.水手；海员
store,[stC:],n.储存品；备用品
fall ill,[],患病
fever,[5fi:vE],n.发热，发烧
live,[laiv],a.活的；活着的
Endeavour,[in5devE],n.奋力号(航船的名字)
at sea,[],在大海上；在航海
sickness,[5siknis],n.疾病
litre,[5li:tE],n.升；公升
liter,[5li:tE],n.升；公升
particularly,[pE5tikjulEli],ad.特别，尤其
merchant,[5mE:tFEnt],a.商业的；商人的
exist,[ig5zist],vi.存在
major,[5meidVE],a.主要的；较大的
plain,[plein],a.家常的；普通的
chart,[tFB:t],v.制…的海(或地)图
biscuit,[5biskit],n.饼干
landowner,[5lAnd7EunE],n.土地所有者；地主
take an interest in,[],对…感兴趣
skilled,[skild],a.有技能的，熟练的
defend,[di5fend],vt.保卫；防守
Quebec,[kwi5bek],n.魁北克(加拿大省名)
St Lawrence River,[seint5lC:rEns],n.圣劳伦斯河
warship,[5wC:Fip],n.军舰；战舰
take...by surprise,[],使…吃惊；出奇兵攻占
seize,[si:z],vt.夺取；占领
set up home,[],建立家园；成家
planet,[5plAnit],n.行星
Venus,[5vi:nEs],n.金星
seamanship,[5si:mEnFip],n.航海技术
in charge of,[],主管；负责
bake,[beik],vt.烤，烘
onion,[5QnjEn],n.洋葱，洋葱头
set out,[],出发；开始
Tahiti,[tB:5hi:ti],n.塔希提岛(南太平洋)
set sail,[],启航
head,[hed],vi.(船等)驶向
in search of,[],寻找
strait,[streit],n.海峡
Tasmania,[tAz5meinjE],n.塔斯马尼亚(岛)
map,[mAp],v.绘制…的地图；勘测
bay,[bei],n.湾；海湾
botany,[5bCtEni],n.植物学；植物
astonishing,[Es5tCniFiN],a.惊人的
bear,[bZE],n.熊
mainland,[5meinlEnd],n.大陆
Great Barrier Reef,[5bAriE  ri:f],n.大堡礁
disaster,[di5zB:stE],n.灾难，祸患
tear,[tZE],vt.戳破；划破
crew,[kru:],n.全体船员
chain,[tFein],n.链，链条
raise,[5reiz],vt.使升高
beach,[bi:tF],vt.使船冲上滩
thinking,[5WiNkiN],n.思索；见解，想法
pass by,[],经过
Java,[5dVB:vE],n.爪哇岛(印尼)
celebrate,[5selibreit],vt.庆祝
coastline,[5kEustlain],n.海岸线
nowhere,[5nEuhwZE],ad.任何地方都不
be worth doing,[],值得做…
Aleutian Islands,[E5lu:FjEn],阿留申群岛
Hawaii,[hB:5waii:],n.夏威夷(美国州名)
camp,[kAmp],v.宿营，野营 n.营
ash,[AF],n.灰；灰末
ashtray,[5AFtrei],n.烟灰缸
Bonny,[5bCni],邦妮(女名)
dirt,[dE:t],n.污物；脏物
valley,[5vAli],n.山谷，溪谷
kangaroo,[7kANgE5ru:],n.大袋鼠
beyond,[bi5jCnd],prep.在…的那边
fix up,[],安顿，修理好
cave,[keiv],n.山洞
thirst,[WE:st],n.渴，口渴
sun hat,[],太阳帽；遮阳帽
sunburnt,[5sQnbE:nt],a.晒黑的
aborigines,[7AbE5ridVni:z],n.土著居民
Kooris,[5ku:ris],n.古利人
system,[5sistEm],n.系统，体系
spiritual,[5spiritjuEl],a.精神的，心灵的
faith,[feiW],n.信念，信仰
hand down,[],把…传下来
elder,[5eldE],n.长者；前辈
at least,[],至少
curiously,[5kjuEriEsli],ad.好奇地
thrower,[5WrEuE],n.投掷者
underground,[5QndEgraund],a.地下的
spring,[spriN],n.泉；源泉
starve,[stB:v],vi.饿死
rather than,[],而不；非
thus,[TQs],ad.这样，因而
percentage,[pE5sentidV],n.百分率
inland,[5inlEnd],a.内地的；内陆的
feed on,[],以…为食
koala,[kEu5B:lE],n.考拉
birth,[bE:W],n.诞生；出生
give birth to,[],生，产生
Alaska,[E5lAskE],n.阿拉斯加(美国州名)
precious,[5preFEs],a.宝贵的，珍贵的
mine,[main],n.矿山，矿井 v.开采
Perth,[pE:W],n.佩思(澳大利亚城市)
fence,[fens],n.篱笆，栅栏
dingo,[5diNgEu],n.澳洲的一种野狗
task,[tB:sk],n.任务；工作
round up,[],赶拢；使集拢
outdoors,[5aut5dC:z],ad.在户的，在野外
Italy,[5itEli],n.意大利(欧洲)
Italian,[i5tAljEn],a.意大利的n.意大利人
fly,[flai],n.苍蝇
take place,[],发生；产生
cafe,[5kAfei7 kE5fei],n.咖啡馆；餐馆
menu,[5menju:],n.菜单；菜谱
ox,[Cks],n.牛；公牛
waitress,[5weitris],n.女服务员
wipe,[waip],v.擦；擦净；擦干
ham,[hAm],n.火腿
hot dog,[],n.热狗(红肠面包)
pie,[pai],n.馅饼
ice cream,[5ais kri:m],n.冰淇淋
jam,[dVAm],n.果酱
sauce,[sC:s],n.调味汁，酱汁
excited,[ik5saitid],a.兴奋的
regret,[ri5gret],n.抱歉；遗憾
now and again,[],时而
help oneself to,[],请随便吃点…
goose,[gu:s],n.鹅
farmland,[5fB:mlAnd],n.农田
day by day,[],一天天地
irrigate,[5irigeit],vt.灌溉
irrigation,[5irigeiFEn],n.灌溉
salty,[5sC:lti],a.咸的；含盐的；盐的
pest,[pest],n.害虫
storage,[5stC:ridV],n.贮藏，储存
ruin,[5ru(:)in],vt.毁灭；毁坏
damp,[dAmp],n.\a.潮湿
Holland,[5hClEnd],n.荷兰(欧洲)
loss,[lCs],n.丧失；损耗
European Union,[],欧洲联盟
whichever,[witF5evE],pron 无论哪个(些)
ownership,[5EunEFip],n.所有制
politician,[7pCli5tiFEn],n.政治家
in debt,[],负债；欠帐
repay,[ri:5pei],v.偿还，付还(钱等)
cocoa,[5kEukEu],n.可可粉；可可树
cash crop,[],经济作物
starvation,[stB:5veiFEn],n.饥饿；饿死
raise,[5reiz],vt.饲养
butcher,[5butFE],n.屠宰
hilly,[5hili],a.多小山的；丘陵的
mountainous,[5mauntinEs],a.多山的
make sense,[],讲得通；很有意义
goat,[gEut],n.山羊
jar,[dVB:],n.罐子，坛子
spoon,[spu:n],n.匙，调羹
advertise,[5AdvEtaiz],v.为…做广告
firm,[fE:m],n.公司；企业
comment,[5kCment],n.评论
typist,[5taipist],n.打字员
express,[iks5pres],vt.表示；表达
satisfaction,[7sAtis5fAkFEn],n.满意
user,[5ju:zE],n.用户，使用者
description,[dis5kripFEn],n.描述
boring,[5bC:riN],a.令人厌烦的
ad,[Ad],n.(缩)广告
advertisement,[Ed5vE:tismEnt],n.广告
bring in,[],引入；增加
humour,[5hju:mE],n.幽默，幽默感
humorous,[5hju:mErEs],a.富于幽默的
disadvantage,[7disEd5vB:ntidV],n.不利条件；弱点
recent,[5ri:snt],a.新近的；近来的
advantage,[Ed5vB:ntidV],n.优点，好处
hand in hand,[],并进；联合
umbrella,[Qm5brelE],n.雨伞
board,[bC:d],n.木板
poster,[5pEustE],n.招贴；广告(画)
gift,[gift],n.礼物；赠品
post,[pEust],vt.投寄，邮寄
aeroplane,[5ZErEplein],n.飞机
jokingly,[5dVEukiNli],ad.开玩笑地
try out,[],试验
review,[ri5vju:],vt.检查；复审；复习
researcher,[ri5sE:tFE],n.研究人员
failure,[5feiljE],n.失败
Dept,[],n.部；处
Department,[],n.部；处
microcomputer,[5maikrEukEm5pju:tE],n.微机
viewer,[5vju:E],n.观看者
translation,[trAns5leiFEn],n.翻译；译文
handsome,[5hAnsEm],a.英俊的
telegram,[5teligrAm],n.电报
companion,[kEm5pAniEn],n.同伴；同事
blame,[bleim],vt.责备；责怪
freeway,[5fri:wei],n.高速公路
housewife,[5hauswaif],n.家庭主妇
librarian,[lai5brZEriEn],n.图书管理员
luggage,[5lQgidV],n.(总称)行李
fragile,[5frAdVail],a.易碎的
insert,[in5sE:t],vt.插入
split,[split],v.撕开，切开
SOS,[5es7Eu5es],n.国际通用的呼救信号
Ms,[miz],n.女士
sincerely,[sin5siEli],ad.真诚地
primary,[5praimEri],a.初级的
primary school,[],小学
forever,[fE5revE],ad.永远，常常
for ever,[],永远；常常
hand out,[],散发
paints,[peints],n.颜料
make room for,[],让出空地方给某人
as well,[],也，又
toy,[tCi],n.玩具；玩物
identical,[ai5dentikEl],a.完全相同的；同一的
non-identical,[nQn ai5dentikEl],a.非同一的；不同的
apart,[E5pB:t],ad.区别；分别
tell apart,[],分辨，辨别
side by side,[],肩并肩地；一起
occur,[E5kE:],vi.出现，存在
adopt,[E5dCpt],vt.收养
at birth,[],出生；诞生
time and time again,[],一次又一次
shave,[Feiv],v.剃，刮(胡须等)
soap,[sEup],n.肥皂
Ohio,[Eu5haiEu],n.俄亥俄(美国州名)
Larry,[5lAri],拉里(女名)
divorce,[di5vC:s],vt.使离婚
Siam,[5saiAm],n.暹罗
Siamese,[7saiE5mi:z],a.暹罗的
Thailand,[5tailAnd],n.泰国(亚洲)
Malay,[mE5lei],a.马来西亚的
fisherman,[5fiFEmEn],n.渔夫
ruler,[5ru:lE],n.统治者
obey,[E5bei],vt.服从，顺从
inch,[intF],n.英寸
chest,[tFest],n.胸腔，胸部
tense,[tens],a.紧张的
tale,[teil],n.故事；传说
Finland,[5finlEnd],n.芬兰(欧洲)
colouring,[5kQlEriN],n.面(肤、发)色；色调
thief,[Wi:f],n.盗贼
Anglor Wat,[5ANkC:wCt],吴哥窟
brick,[brik],n.砖，砖块
smooth,[smu:T],a.光滑的；平坦的
grey,[grei],a.灰色的；灰白的
dull,[dQl],a.阴暗的；单调无味
drawing,[5drC:iN],n.绘图；图画
ugly,[5Qgli],a.丑陋的，难看的
firm,[fE:m],a.牢固的；稳固的
keep off,[],勿踏；勿踩
drill,[dril],n.钻；钻头 v.钻(孔)
mass,[mAs],n.众多；大量
masses of,[],大多数，大部分
shadow,[5FAdEu],n.影子；阴影
bucket,[5bQkit],n.桶；铲斗
desert,[di5zE:t],vt.舍弃；遗弃
courtyard,[5kC:t5jB:d],n.院子，庭院
spread,[spred],vt.延伸；展开
fall to pieces,[],崩溃；倒塌
workforce,[5wE:kfC:s],n.劳动力
Cambodia,[kAm5bEudjE],n.柬埔寨(亚洲)
Cambodian,[kAm5bEudjEn],n.\a.柬埔寨人(的)
pile,[pail],n.堆
replace,[ri(:)5pleis],vt.取代
watch over,[],查看；监视
carry on,[],继续开展，继续下去
midday,[5middei],n.中午
in battle,[],在战争中
nearby,[5niEbai],a.附近的
sunset,[5sQnset],n.日落(时分)
pink,[piNk],a.粉红色的
take on,[],呈现
golden,[5gEuldEn],a.金(黄)色的
opposite,[5CpEzit],a.相反的
fierce,[fiEs],a.猛烈的
Angkor Thom,[],吴哥通
state,[steit],n.状态；情形
shower,[5FauE],n.淋浴
importance,[im5pC:tEns],n.重要性
useless,[5ju:slis],a.无用的
argue,[5B:gju:],vi.争论，争辩
argument,[5B:gju:mEnt],n.辩论
anyhow,[5enihau],ad.不管怎样
misunderstanding,[5misQndE5stAndiN],n.误会，误解
ashamed,[E5Feimd],a.惭愧，害臊
rude,[ru:d],a.粗鲁的；无礼的
bookstore,[5bukstC:],n.书店
Cincinnati,[7sisin5nAti],n.辛辛那提(美国城市)
eagerly,[5i:gEli],ad.渴望地；热切地
disappointment,[7disE5pCintmEnt],n.失望；沮丧
counter,[5kauntE],n.柜台
indeed,[in5di:d],ad.确实；实在
secondhand,[5sekEnd5hAnd],n.二手货；旧货
remark,[ri5mB:k],n.话；陈述；议论
delight,[di5lait],n.快乐；乐事
to one's delight,[],令某人高兴的是
obviously,[5CbviEsli],ad.显然地
William Hartley,[5wiljEm 5hB:tli],威廉·哈特利(男名)
tear,[tiE],n.眼泪；泪水
burst,[bE:st],v.突然发生；突然发作
burst into tears,[],突然哭起来
envy,[5envi],n.\vt.羡慕；忌妒
understanding,[7QndE5stAndiN],n.理解；领会
on board,[],在船上
leak,[li:k],vi.漏；渗
on the point of,[],正要…的时候
take charge,[],掌管，负责
fiercely,[5fiEsli],ad.拼命地；狂热地
will,[wil],n.意志
crazy,[5kreizi],a.疯狂的
upon,[E5pCn],prep.在…上面
upon one's word,[],一定；决不虚言
Liverpool,[5livEpu:l],n.利物浦(英国港市)
carpet,[5kB:pit],n.地毯，毛毯
cheek,[tFi:k],n.面颊，脸蛋
comb,[kEum],vt.梳(头发)
curtain,[5kE:tn],n.窗帘
cushion,[5kuFEn],n.垫子
fan,[fAn],n.风扇
fountain,[5fauntin],n.喷泉
glove,[glQv],n.手套
tight,[tait],a.紧的
lip,[lip],n.嘴唇
scold,[skEuld],vt.责骂
shoulder,[5FEudE],n.肩膀
tire,[5taiE],vt.使疲劳
feather,[5feTE],n.羽毛；翎毛；羽状物
study,[5stQdi],n.书房
to be honest,[],老实说
steadily,[5stedili],ad.稳定地；稳固地
gymnastics,[dVim5nAstiks],n.体操
gymnast,[5dVimnAst],n.体操运动员
gym,[dVim],n.体育馆；体操
bar,[bB:],n.杆；棒
fortunate,[5fC:tFEnit],a.幸运的，侥幸的
ache,[eik],vi.痛
fist,[fist],n.拳(头)
box,[bCks],v.拳击
Greek,[gri:k],n.\a.希腊(人\语)的
Berlin,[bE:5lin],柏林(德国城市)
body-building,[5bCdi7bildiN],n.健美
Sweden,[5swi:dn],n.瑞典(欧洲)
fit,[fit],a.健康的
keep fit,[],保持健康
require,[ri5kwaiE],vt.需要；要求
aim,[eim],n.目的；目标
balance,[5bAlEns],n.平衡
backward,[5bAkwEd],ad.向后
backwards,[5bAkwEdz],ad.向后
sideways,[5saidweiz],ad.斜向一边地
kindergarten,[5kindE7gB:tn],n.幼儿园
physically,[5fizikEli],ad.身体上；体格上
fully,[5fuli],ad.完全地；充分地
neatly,[5ni:tli],ad.熟练地；灵巧地
steady,[5stedi],ad.稳固地；平稳地
keep one's balance,[],保持平衡
handstand,[5hAndstAnd],n.倒立
beam,[bi:m],n.平衡木
mat,[mAt],n.垫子
trainer,[5treinE],n.训练人；教练
clothing,[5klEuTiN],n.(总称)衣服
collar,[5kClE],n.衣领；硬领
impersonally,[im5pE:sEnli],ad.非人称地
underline,[7QndE5lain],v.划线于…之下
judge,[dVQdV],n.法官，裁判，审判员
clap,[klAp],vi.拍手；鼓掌
glance,[glB:ns],v.匆匆一看；一瞥
victory,[5viktEri],n.胜利，战胜
gain,[gein],vt.赢得；挣得
fellow,[5felEu],n.伙伴；同伴
delighted,[di5laitid],a.高兴的，快乐的
proud,[praud],a.自豪的，骄傲的
point,[pCint],n.点；分数
friendship,[5frendFip],n.友谊，友好
cheer,[tFiE],vi.欢呼；喝采
lose one's voice,[],失音；嗓子哑
be proud of,[],为…而自豪
purse,[pE:s],n.钱包
somewhere,[5sQmwhZE],ad.在某处
drawer,[drC:7drCE],n.抽屉
actual,[5AktjuEl],a.现实的，实际的
in actual fact,[],事实上
Banks,[bANks],班克斯(姓)
defence,[di5fens],n.防御；防务
Cairo,[5kaiErEu],n.开罗(埃及首都)
pause,[pC:z],vi.停留；停止
aloud,[E5laud],ad.出声地，大声地
sudden,[5sQdn],a.突然的，意外的
flash,[flAF],n.闪光；转瞬间
in a flash,[],一刹那间
hold out,[],伸出
uniform,[5ju:nifC:m],n.制服
calm,[kB:m],a.镇静的；沉着的
break into,[],闯入；破门而入
steal,[sti:l],v.偷窃
Miles,[mailz],迈尔斯(姓)
passage,[5pAsidV],n.通道；走廊
fear,[fiE],n.害怕，恐惧；担忧
fair,[fZE],a.白皙的；金色的
sunglasses,[5sQn7glB:siz],n.太阳眼镜
aircraft,[5ZEkrB:ft],n.飞机(单复数同)
adventure,[Ed5ventFE],n.冒险，奇遇
break off,[],打断；折断
flight,[flait],n.楼梯的一段
reception,[ri5sepFEn],a.接待
reception desk,[],接待处
Venice,[5venis],n.威尼斯(意大利港市)
Antonio,[An5tEuniEu],n.安东尼奥(男名)
Bassanio,[bE5sB:niEu],n.巴萨尼奥(男名)
be in love with,[],与…相爱
Portia,[5pC:FjE],n.鲍西娅(女名)
ducat,[5dQkEt],n.曾在欧洲通用的金币
Shylock,[5FailEk],n.夏洛克(男名)
moneylender,[5mQni7lendE],n.放债者
publicly,[5pQblikli],ad.公开地；当众
greedy,[5gri:di],a.贪婪的
agreement,[E5gri:mEnt],n.契约；协议；一致
make a promise,[],答应，允诺
flesh,[fleF],n.肉
maid,[meid],n.女仆；侍女
Nerissa,[ni5risE],n.尼莉莎(女名)
trial,[5traiEl],n.试验；试用；审判
court,[kC:t],n.法庭
mercy,[5mE:si],n.怜悯
merciful,[5mE:siful],a.仁慈的，宽大的
bitter,[5bitE],a.怀恨的；厉害的
weakness,[5wi:knis],n.软弱
judgement,[5dVQdVmEnt],n.裁判
desire,[di5zaiE],vt.要求，期望
learned,[5lE:nid],a.有才华的；博学的
Rome,[rEum],n.罗马(意大利首都)
take one's seat,[],就坐
greet,[gri:t],vt.问候，向…致敬
greeting,[5gri:tiN],n.问候；致敬；祝贺
troublesome,[5trQblsEm],a.令人烦恼的；讨厌的
be seated,[],坐下；坐着
bless,[bles],vt.保佑；祝福
use one's head,[],动脑筋；仔细考虑
according,[E5kC:diN],a.按照，根据
according to,[],根据…
do the deed,[],付诸行动；生效
take...in one's arm,[],(拥)抱
drop,[drCp],n.滴
justice,[5dVQstis],n.正义；公正
at the mercy of,[],在…支配下
punishment,[5pQniFmEnt],n.惩罚
comfort,[5kQmfEt],n.安慰；慰藉
pride,[praid],n.自豪
take pride in,[],以…自豪
relation,[ri5leiFEn],n.关系，亲属
role,[rEul],n.角色
play the role of,[],扮演…角色
queen,[kwi:n],n.皇后
treasure,[5treVE],n.金银财宝；珍宝
absent,[5AbsEnt7 Eb5sent],a.缺席，不在
anger,[5ANgE],n.愤怒；气愤
poet,[5pEuit],n.诗人
Eric,[5erik],n.埃里克
permit,[5pE:mit],n.执照；许可证
downtown,[5daun5taun],n.城市的商业区
hibernate,[5haibEneit],vi.冬眠
hibernation,[7haibE5neiFEn],n.冬眠
squirrel,[5skwirEl],n.松鼠
frog,[frCg],n.蛙
mud,[mQd],n.泥，泥浆
loose,[lu:s],a.松散的；宽松的
warm-blooded,[5wC:m7blQdid],a.(动物)热血的
wolf,[wulf],n.狼
keep up,[],保持；维持；继续
cold-blooded,[5kEuld 5blQdid],a.(动物)冷血的
tail,[teil],n.(动物的)尾巴
lung,[lQN],n.肺脏，肺
everyday,[5evridei],a.每日的，日常的
standard,[5stAndEd],a.标准的
Ford,[fC:d],n.福特(人名)
show off,[],炫耀
flat,[flAt],n.楼中一套房间；公寓
apartment,[E5pB:tmEnt],n.楼中一套房间；公寓
high-rise,[5hai5raiz],a.多层的；高层的
high-rise block,[],高楼；大厦
postman,[5pEustmEn],n.邮递员
mailman,[5meilmEn],n.邮递员(美)
mailbox,[5meilbCks],n.邮筒；邮箱
letter box,[],n.邮筒；邮箱(美)
part-time,[5pB:t5taim],a.兼职的
department store,[],百货商场
silly,[5sili],a.糊涂的，傻的
